{
	"credit": "Created by _GrandMagus_",
	"textures": {
		"top": "block/acacia_door_top",
		"particle": "block/acacia_door_top_flipped",
		"top_flipped": "block/acacia_door_top_flipped",
		"side": "block/acacia_door_top_sides"
	},
	"elements": [
		{
			"name": "Cube4",
			"from": [1, 1, 5],
			"to": [2, 13, 7],
			"faces": {
				"north": {"uv": [5, 3, 6, 15], "texture": "#top"},
				"east": {"uv": [7, 3, 5, 15], "texture": "#top_flipped"},
				"south": {"uv": [6, 3, 7, 15], "texture": "#top"},
				"west": {"uv": [5, 3, 7, 15], "texture": "#top", "cullface": "west"}
			}
		},
		{
			"name": "Cube3",
			"from": [0, 1, 0],
			"to": [3, 16, 3],
			"faces": {
				"north": {"uv": [0, 0, 3, 15], "texture": "#side", "cullface": "north"},
				"east": {"uv": [3, 0, 0, 15], "texture": "#top_flipped"},
				"south": {"uv": [2, 0, 3, 15], "texture": "#top"},
				"west": {"uv": [0, 0, 3, 15], "texture": "#top", "cullface": "west"},
				"up": {"uv": [9, 0, 6, 3], "texture": "#side", "cullface": "up"}
			}
		},
		{
			"name": "Cube3",
			"from": [0, 1, 13],
			"to": [3, 16, 16],
			"faces": {
				"north": {"uv": [13, 0, 14, 15], "texture": "#top"},
				"east": {"uv": [16, 0, 13, 15], "texture": "#top_flipped"},
				"south": {"uv": [3, 0, 6, 15], "texture": "#side", "cullface": "south"},
				"west": {"uv": [13, 0, 16, 15], "texture": "#top", "cullface": "west"},
				"up": {"uv": [6, 16, 9, 13], "rotation": 180, "texture": "#side", "cullface": "up"}
			}
		},
		{
			"name": "Cube2",
			"from": [0, 0, 0],
			"to": [3, 1, 16],
			"faces": {
				"north": {"uv": [0, 15, 3, 16], "texture": "#side", "cullface": "north"},
				"east": {"uv": [16, 15, 0, 16], "texture": "#top_flipped"},
				"south": {"uv": [3, 15, 6, 16], "texture": "#side", "cullface": "south"},
				"west": {"uv": [0, 15, 16, 16], "texture": "#top", "cullface": "west"},
				"up": {"uv": [0, 15, 16, 16], "rotation": 90, "texture": "#top"}
			}
		},
		{
			"name": "Cube2",
			"from": [0, 13, 3],
			"to": [3, 16, 13],
			"faces": {
				"east": {"uv": [13, 0, 3, 3], "texture": "#top_flipped"},
				"west": {"uv": [3, 0, 13, 3], "texture": "#top", "cullface": "west"},
				"up": {"uv": [9, 3, 6, 13], "texture": "#side", "cullface": "up"},
				"down": {"uv": [13, 2, 3, 3], "rotation": 90, "texture": "#top"}
			}
		},
		{
			"name": "Cube3",
			"from": [1, 1, 9],
			"to": [2, 13, 11],
			"faces": {
				"north": {"uv": [9, 3, 10, 15], "texture": "#top"},
				"east": {"uv": [11, 3, 9, 15], "texture": "#top_flipped"},
				"south": {"uv": [10, 3, 11, 15], "texture": "#top"},
				"west": {"uv": [9, 3, 11, 15], "texture": "#top", "cullface": "west"}
			}
		}
	]
}