{
	"credit": "Created by _GrandMagus_",
	"textures": {
		"particle": "block/bamboo_door_top",
		"top": "block/bamboo_door_top",
		"top_flipped": "block/bamboo_door_top_flipped",
		"side": "block/bamboo_door_top_sides"
	},
	"elements": [
		{
			"name": "Cube3",
			"from": [0, 1, 0],
			"to": [3, 16, 4],
			"faces": {
				"north": {"uv": [3, 0, 6, 15], "texture": "#side", "cullface": "north"},
				"east": {"uv": [12, 0, 16, 15], "texture": "#top"},
				"south": {"uv": [12, 0, 13, 15], "texture": "#top"},
				"west": {"uv": [16, 0, 12, 15], "texture": "#top_flipped", "cullface": "west"},
				"up": {"uv": [9, 0, 6, 4], "texture": "#side", "cullface": "up"}
			}
		},
		{
			"name": "Cube3",
			"from": [0, 1, 12],
			"to": [3, 16, 16],
			"faces": {
				"north": {"uv": [3, 0, 4, 15], "texture": "#top"},
				"east": {"uv": [0, 0, 4, 15], "texture": "#top"},
				"south": {"uv": [0, 0, 3, 15], "texture": "#side", "cullface": "south"},
				"west": {"uv": [4, 0, 0, 15], "texture": "#top_flipped", "cullface": "west"},
				"up": {"uv": [6, 16, 9, 12], "rotation": 180, "texture": "#side", "cullface": "up"}
			}
		},
		{
			"name": "Cube2",
			"from": [0, 0, 0],
			"to": [3, 1, 16],
			"faces": {
				"north": {"uv": [3, 15, 6, 16], "texture": "#side", "cullface": "north"},
				"east": {"uv": [0, 15, 16, 16], "texture": "#top"},
				"south": {"uv": [0, 15, 3, 16], "texture": "#side", "cullface": "south"},
				"west": {"uv": [16, 15, 0, 16], "texture": "#top_flipped", "cullface": "west"},
				"up": {"uv": [0, 15, 16, 16], "rotation": 90, "texture": "#top"}
			}
		},
		{
			"name": "Cube2",
			"from": [0, 12, 4],
			"to": [3, 16, 12],
			"faces": {
				"east": {"uv": [4, 0, 12, 4], "texture": "#top"},
				"west": {"uv": [12, 0, 4, 4], "texture": "#top_flipped", "cullface": "west"},
				"up": {"uv": [9, 4, 6, 12], "texture": "#side", "cullface": "up"},
				"down": {"uv": [4, 3, 12, 4], "rotation": 90, "texture": "#top"}
			}
		},
		{
			"name": "Cube3",
			"from": [1.5, 1, 4],
			"to": [1.5, 12, 12],
			"faces": {
				"east": {"uv": [4, 4, 12, 15], "texture": "#top_flipped"},
				"west": {"uv": [12, 4, 4, 15], "texture": "#top_flipped", "cullface": "west"}
			}
		}
	]
}