{
	"credit": "Created by _GrandMagus_",
	"textures": {
		"particle": "block/birch_door_top",
		"bottom": "block/birch_door_top",
		"side": "block/birch_door_top_sides"
	},
	"elements": [
		{
			"from": [0, 0, 0],
			"to": [3, 13, 3],
			"faces": {
				"north": {"uv": [0, 3, 3, 16], "texture": "#side", "cullface": "north"},
				"east": {"uv": [3, 3, 0, 16], "texture": "#bottom"},
				"south": {"uv": [2, 3, 3, 16], "texture": "#bottom"},
				"west": {"uv": [0, 3, 3, 16], "texture": "#bottom", "cullface": "west"}
			}
		},
		{
			"from": [0, 0, 13],
			"to": [3, 13, 16],
			"faces": {
				"north": {"uv": [13, 3, 14, 16], "texture": "#bottom"},
				"east": {"uv": [16, 3, 13, 16], "texture": "#bottom"},
				"south": {"uv": [3, 3, 6, 16], "texture": "#side", "cullface": "south"},
				"west": {"uv": [13, 3, 16, 16], "texture": "#bottom", "cullface": "west"}
			}
		},
		{
			"from": [0, 13, 0],
			"to": [3, 16, 16],
			"faces": {
				"north": {"uv": [0, 0, 3, 3], "texture": "#side", "cullface": "north"},
				"east": {"uv": [16, 0, 0, 3], "texture": "#bottom"},
				"south": {"uv": [3, 0, 6, 3], "texture": "#side", "cullface": "south"},
				"west": {"uv": [0, 0, 16, 3], "texture": "#bottom", "cullface": "west"},
				"up": {"uv": [9, 0, 6, 16], "rotation": 180, "texture": "#side", "cullface": "up"},
				"down": {"uv": [16, 2, 0, 3], "rotation": 90, "texture": "#bottom"}
			}
		},
		{
			"from": [1, 0, 3],
			"to": [2, 13, 13],
			"faces": {
				"east": {"uv": [13, 3, 3, 16], "texture": "#bottom"},
				"west": {"uv": [13, 3, 3, 16], "texture": "#bottom", "cullface": "west"}
			}
		}
	]
}