{
	"credit": "Created by _GrandMagus_",
	"parent": "block/template_orientable_trapdoor_bottom",
	"textures": {
		"texture": "block/birch_trapdoor",
		"side": "block/birch_trapdoor_side"
	},
	"elements": [
		{
			"from": [13, 13, 0],
			"to": [16, 16, 16],
			"faces": {
				"north": {"uv": [0, 0, 3, 3], "texture": "#side", "cullface": "north"},
				"east": {"uv": [0, 0, 16, 3], "texture": "#side", "cullface": "east"},
				"south": {"uv": [13, 0, 16, 3], "texture": "#side", "cullface": "south"},
				"west": {"uv": [3, 0, 0, 16], "rotation": 90, "texture": "#texture"},
				"up": {"uv": [0, 0, 3, 16], "rotation": 180, "texture": "#texture", "cullface": "up"},
				"down": {"uv": [0, 16, 3, 0], "rotation": 180, "texture": "#texture"}
			}
		},
		{
			"from": [0, 13, 0],
			"to": [3, 16, 16],
			"faces": {
				"north": {"uv": [13, 0, 16, 3], "texture": "#side", "cullface": "north"},
				"east": {"uv": [0, 0, 16, 3], "texture": "#side"},
				"south": {"uv": [0, 0, 3, 3], "texture": "#side", "cullface": "south"},
				"west": {"uv": [0, 0, 16, 3], "texture": "#side", "cullface": "west"},
				"up": {"uv": [13, 0, 16, 16], "rotation": 180, "texture": "#texture", "cullface": "up"},
				"down": {"uv": [13, 16, 16, 0], "rotation": 180, "texture": "#texture"}
			}
		},
		{
			"from": [3, 13, 13],
			"to": [13, 16, 16],
			"faces": {
				"north": {"uv": [3, 0, 13, 3], "texture": "#side"},
				"south": {"uv": [3, 0, 13, 3], "texture": "#side", "cullface": "south"},
				"up": {"uv": [3, 0, 13, 3], "rotation": 180, "texture": "#texture", "cullface": "up"},
				"down": {"uv": [3, 3, 13, 0], "rotation": 180, "texture": "#texture"}
			}
		},
		{
			"from": [3, 13, 0],
			"to": [13, 16, 3],
			"faces": {
				"north": {"uv": [3, 0, 13, 3], "texture": "#side", "cullface": "north"},
				"south": {"uv": [3, 0, 13, 3], "texture": "#side"},
				"up": {"uv": [3, 13, 13, 16], "rotation": 180, "texture": "#texture", "cullface": "up"},
				"down": {"uv": [3, 16, 13, 13], "rotation": 180, "texture": "#texture"}
			}
		},
		{
			"from": [3, 14, 3],
			"to": [13, 15, 13],
			"faces": {
				"north": {"uv": [3, 14, 13, 15], "texture": "#texture"},
				"east": {"uv": [3, 14, 13, 15], "texture": "#texture"},
				"south": {"uv": [3, 14, 13, 15], "texture": "#texture"},
				"west": {"uv": [3, 14, 13, 15], "texture": "#texture"},
				"up": {"uv": [3, 3, 13, 13], "rotation": 180, "texture": "#texture", "cullface": "up"},
				"down": {"uv": [3, 13, 13, 3], "rotation": 180, "texture": "#texture"}
			}
		},
		{
			"from": [5, 13, 3],
			"to": [11, 16, 4],
			"faces": {
				"east": {"uv": [5, 12, 6, 13], "texture": "#texture"},
				"south": {"uv": [11, 12, 5, 13], "texture": "#texture"},
				"west": {"uv": [10, 12, 11, 13], "texture": "#texture"},
				"up": {"uv": [11, 12, 5, 13], "texture": "#texture", "cullface": "up"},
				"down": {"uv": [11, 12, 5, 13], "texture": "#texture"}
			}
		}
	]
}