{
	"credit": "Created by _GrandMagus_",
	"parent": "block/template_trapdoor_bottom",
	"textures": {
		"particle": "block/dark_oak_trapdoor",
		"texture": "block/dark_oak_trapdoor",
		"side": "block/dark_oak_trapdoor_side"
	},
	"elements": [
		{
			"from": [0, 0, 0],
			"to": [16, 3, 16],
			"faces": {
				"north": {"uv": [0, 0, 16, 3], "texture": "#side", "cullface": "north"},
				"east": {"uv": [0, 0, 16, 3], "texture": "#side", "cullface": "east"},
				"south": {"uv": [0, 0, 16, 3], "texture": "#side", "cullface": "south"},
				"west": {"uv": [0, 0, 16, 3], "texture": "#side", "cullface": "west"},
				"up": {"uv": [0, 0, 16, 16], "rotation": 180, "texture": "#texture"},
				"down": {"uv": [0, 16, 16, 0], "rotation": 180, "texture": "#texture", "cullface": "down"}
			}
		}
	],
	"display": {
		"gui": {
			"rotation": [30, 135, 0],
			"scale": [0.625, 0.625, 0.625]
		}
	}
}