{
	"credit": "Created by _GrandMagus_",
	"parent": "block/template_trapdoor_bottom",
	"textures": {
		"texture": "block/dark_oak_trapdoor",
		"side": "block/dark_oak_trapdoor_side"
	},
	"elements": [
		{
			"from": [0, 0, 13],
			"to": [16, 16, 16],
			"faces": {
				"north": {"uv": [0, 16, 16, 0], "texture": "#texture"},
				"east": {"uv": [0, 0, 16, 3], "rotation": 90, "texture": "#side", "cullface": "east"},
				"south": {"uv": [0, 16, 16, 0], "texture": "#texture", "cullface": "south"},
				"west": {"uv": [0, 0, 16, 3], "rotation": 270, "texture": "#side", "cullface": "west"},
				"up": {"uv": [0, 0, 16, 3], "texture": "#side", "cullface": "up"},
				"down": {"uv": [0, 3, 16, 0], "texture": "#side", "cullface": "down"}
			}
		}
	]
}