{
	"credit": "Created by _GrandMagus_",
	"ambientocclusion": false,
	"textures": {
		"sleepers": "block/rail_sleepers",
		"particle": "block/detector_rail_on",
		"rail": "block/detector_rail_on"
	},
	"elements": [
		{
			"from": [1, 0.25, 1],
			"to": [15, 1, 3],
			"rotation": {"angle": 45, "axis": "x", "origin": [0, 1, 16], "rescale": true},
			"faces": {
				"north": {"uv": [1, 1, 15, 2], "rotation": 180, "texture": "#sleepers"},
				"east": {"uv": [14, 1, 15, 3], "rotation": 90, "texture": "#sleepers"},
				"south": {"uv": [1, 2, 15, 3], "texture": "#sleepers"},
				"west": {"uv": [1, 1, 2, 3], "rotation": 270, "texture": "#sleepers"},
				"up": {"uv": [1, 1, 15, 3], "texture": "#sleepers"},
				"down": {"uv": [15, 1, 1, 3], "rotation": 180, "texture": "#sleepers"}
			}
		},
		{
			"from": [1, 0.25, 5],
			"to": [15, 1, 7],
			"rotation": {"angle": 45, "axis": "x", "origin": [0, 1, 16], "rescale": true},
			"faces": {
				"north": {"uv": [1, 5, 15, 6], "rotation": 180, "texture": "#sleepers"},
				"east": {"uv": [14, 5, 15, 7], "rotation": 90, "texture": "#sleepers"},
				"south": {"uv": [1, 6, 15, 7], "texture": "#sleepers"},
				"west": {"uv": [1, 5, 2, 7], "rotation": 270, "texture": "#sleepers"},
				"up": {"uv": [1, 5, 15, 7], "texture": "#sleepers"},
				"down": {"uv": [15, 5, 1, 7], "rotation": 180, "texture": "#sleepers"}
			}
		},
		{
			"from": [1, 0.25, 9],
			"to": [15, 1, 11],
			"rotation": {"angle": 45, "axis": "x", "origin": [0, 1, 16], "rescale": true},
			"faces": {
				"north": {"uv": [1, 9, 15, 10], "rotation": 180, "texture": "#sleepers"},
				"east": {"uv": [14, 9, 15, 11], "rotation": 90, "texture": "#sleepers"},
				"south": {"uv": [1, 10, 15, 11], "texture": "#sleepers"},
				"west": {"uv": [1, 9, 2, 11], "rotation": 270, "texture": "#sleepers"},
				"up": {"uv": [1, 9, 15, 11], "texture": "#sleepers"},
				"down": {"uv": [15, 9, 1, 11], "rotation": 180, "texture": "#sleepers"}
			}
		},
		{
			"from": [1, 0.25, 13],
			"to": [15, 1, 15],
			"rotation": {"angle": 45, "axis": "x", "origin": [0, 1, 16], "rescale": true},
			"faces": {
				"north": {"uv": [1, 13, 15, 14], "rotation": 180, "texture": "#sleepers"},
				"east": {"uv": [14, 13, 15, 15], "rotation": 90, "texture": "#sleepers"},
				"south": {"uv": [1, 14, 15, 15], "texture": "#sleepers"},
				"west": {"uv": [1, 13, 2, 15], "rotation": 270, "texture": "#sleepers"},
				"up": {"uv": [1, 13, 15, 15], "texture": "#sleepers"},
				"down": {"uv": [15, 13, 1, 15], "rotation": 180, "texture": "#sleepers"}
			}
		},
		{
			"from": [2, 1, 0],
			"to": [4, 1.75, 16],
			"rotation": {"angle": 45, "axis": "x", "origin": [0, 1, 16], "rescale": true},
			"faces": {
				"north": {"uv": [4, 0, 2, 2], "texture": "#rail"},
				"east": {"uv": [3.5, 1, 3.6, 2], "texture": "#rail"},
				"south": {"uv": [2, 14, 4, 16], "texture": "#rail"},
				"west": {"uv": [2.5, 1, 2.6, 2], "texture": "#rail"},
				"up": {"uv": [2, 0, 4, 16], "texture": "#rail"},
				"down": {"uv": [2, 0, 4, 16], "texture": "#rail"}
			}
		},
		{
			"from": [12, 1, 0],
			"to": [14, 1.75, 16],
			"rotation": {"angle": 45, "axis": "x", "origin": [0, 1, 16], "rescale": true},
			"faces": {
				"north": {"uv": [14, 0, 12, 2], "texture": "#rail"},
				"east": {"uv": [13.5, 1, 13.6, 2], "texture": "#rail"},
				"south": {"uv": [12, 14, 14, 16], "texture": "#rail"},
				"west": {"uv": [12.5, 1, 12.6, 2], "texture": "#rail"},
				"up": {"uv": [12, 0, 14, 16], "texture": "#rail"},
				"down": {"uv": [12, 0, 14, 16], "texture": "#rail"}
			}
		},
		{
			"from": [5, 1, 5],
			"to": [11, 1.75, 11],
			"rotation": {"angle": 45, "axis": "x", "origin": [0, 1, 16], "rescale": true},
			"faces": {
				"north": {"uv": [11, 5, 5, 6], "texture": "#rail"},
				"east": {"uv": [10, 5, 11, 11], "rotation": 90, "texture": "#rail"},
				"south": {"uv": [5, 10, 11, 11], "texture": "#rail"},
				"west": {"uv": [5, 5, 6, 11], "rotation": 270, "texture": "#rail"},
				"up": {"uv": [5, 5, 11, 11], "texture": "#rail"},
				"down": {"uv": [5, 5, 11, 11], "texture": "#rail"}
			}
		}
	]
}