{
	"credit": "Created by _GrandMagus_",
	"parent": "block/template_orientable_trapdoor_bottom",
	"textures": {
		"texture": "block/exposed_copper_trapdoor",
		"side": "block/exposed_copper_trapdoor_side"
	},
	"elements": [
		{
			"from": [0, 0, 5],
			"to": [3, 3, 11],
			"faces": {
				"east": {"uv": [5, 3, 11, 6], "texture": "#side"},
				"west": {"uv": [5, 0, 11, 3], "texture": "#side", "cullface": "west"},
				"up": {"uv": [0, 5, 3, 11], "texture": "#texture"},
				"down": {"uv": [0, 11, 3, 5], "texture": "#texture", "cullface": "down"}
			}
		},
		{
			"from": [0, 0, 0],
			"to": [5, 3, 5],
			"faces": {
				"north": {"uv": [11, 0, 16, 3], "texture": "#side", "cullface": "north"},
				"east": {"uv": [0, 3, 5, 6], "texture": "#side"},
				"south": {"uv": [11, 3, 16, 6], "texture": "#side"},
				"west": {"uv": [0, 0, 5, 3], "texture": "#side", "cullface": "west"},
				"up": {"uv": [0, 0, 5, 5], "texture": "#texture"},
				"down": {"uv": [0, 5, 5, 0], "texture": "#texture", "cullface": "down"}
			}
		},
		{
			"from": [0, 0, 11],
			"to": [5, 3, 16],
			"faces": {
				"north": {"uv": [0, 3, 5, 6], "texture": "#side"},
				"east": {"uv": [11, 3, 16, 6], "texture": "#side"},
				"south": {"uv": [0, 0, 5, 3], "texture": "#side", "cullface": "south"},
				"west": {"uv": [11, 0, 16, 3], "texture": "#side", "cullface": "west"},
				"up": {"uv": [0, 11, 5, 16], "texture": "#texture"},
				"down": {"uv": [0, 16, 5, 11], "texture": "#texture", "cullface": "down"}
			}
		},
		{
			"from": [11, 0, 11],
			"to": [16, 3, 16],
			"faces": {
				"north": {"uv": [11, 3, 16, 6], "texture": "#side"},
				"east": {"uv": [0, 0, 5, 3], "texture": "#side", "cullface": "east"},
				"south": {"uv": [11, 0, 16, 3], "texture": "#side", "cullface": "south"},
				"west": {"uv": [0, 3, 5, 6], "texture": "#side"},
				"up": {"uv": [11, 11, 16, 16], "texture": "#texture"},
				"down": {"uv": [11, 16, 16, 11], "texture": "#texture", "cullface": "down"}
			}
		},
		{
			"from": [11, 0, 0],
			"to": [16, 3, 5],
			"faces": {
				"north": {"uv": [0, 0, 5, 3], "texture": "#side", "cullface": "north"},
				"east": {"uv": [11, 0, 16, 3], "texture": "#side", "cullface": "east"},
				"south": {"uv": [0, 3, 5, 6], "texture": "#side"},
				"west": {"uv": [11, 3, 16, 6], "texture": "#side"},
				"up": {"uv": [11, 0, 16, 5], "texture": "#texture"},
				"down": {"uv": [11, 5, 16, 0], "texture": "#texture", "cullface": "down"}
			}
		},
		{
			"from": [4, 1, 4],
			"to": [6, 2, 6],
			"faces": {
				"north": {"uv": [4, 4, 6, 5], "texture": "#texture"},
				"east": {"uv": [5, 4, 6, 6], "rotation": 90, "texture": "#texture"},
				"south": {"uv": [4, 5, 6, 6], "texture": "#texture"},
				"west": {"uv": [4, 4, 5, 6], "rotation": 270, "texture": "#texture"},
				"up": {"uv": [4, 4, 6, 6], "texture": "#texture"},
				"down": {"uv": [4, 6, 6, 4], "texture": "#texture", "cullface": "down"}
			}
		},
		{
			"from": [10, 1, 4],
			"to": [12, 2, 6],
			"faces": {
				"north": {"uv": [10, 4, 12, 5], "texture": "#texture"},
				"east": {"uv": [11, 4, 12, 6], "rotation": 90, "texture": "#texture"},
				"south": {"uv": [10, 5, 12, 6], "texture": "#texture"},
				"west": {"uv": [10, 4, 11, 6], "rotation": 270, "texture": "#texture"},
				"up": {"uv": [10, 4, 12, 6], "texture": "#texture"},
				"down": {"uv": [10, 6, 12, 4], "texture": "#texture", "cullface": "down"}
			}
		},
		{
			"from": [9, 1, 5],
			"to": [11, 2, 7],
			"faces": {
				"north": {"uv": [9, 5, 11, 6], "texture": "#texture"},
				"east": {"uv": [10, 5, 11, 7], "rotation": 90, "texture": "#texture"},
				"south": {"uv": [9, 6, 11, 7], "texture": "#texture"},
				"west": {"uv": [9, 5, 10, 7], "rotation": 270, "texture": "#texture"},
				"up": {"uv": [9, 5, 11, 7], "texture": "#texture"},
				"down": {"uv": [9, 7, 11, 5], "texture": "#texture", "cullface": "down"}
			}
		},
		{
			"from": [10, 1, 10],
			"to": [12, 2, 12],
			"faces": {
				"north": {"uv": [10, 10, 12, 11], "texture": "#texture"},
				"east": {"uv": [11, 10, 12, 12], "rotation": 90, "texture": "#texture"},
				"south": {"uv": [10, 11, 12, 12], "texture": "#texture"},
				"west": {"uv": [10, 10, 11, 12], "rotation": 270, "texture": "#texture"},
				"up": {"uv": [10, 10, 12, 12], "texture": "#texture"},
				"down": {"uv": [10, 12, 12, 10], "texture": "#texture", "cullface": "down"}
			}
		},
		{
			"from": [4, 1, 10],
			"to": [6, 2, 12],
			"faces": {
				"north": {"uv": [4, 10, 6, 11], "texture": "#texture"},
				"east": {"uv": [5, 10, 6, 12], "rotation": 90, "texture": "#texture"},
				"south": {"uv": [4, 11, 6, 12], "texture": "#texture"},
				"west": {"uv": [4, 10, 5, 12], "rotation": 270, "texture": "#texture"},
				"up": {"uv": [4, 10, 6, 12], "texture": "#texture"},
				"down": {"uv": [4, 12, 6, 10], "texture": "#texture", "cullface": "down"}
			}
		},
		{
			"from": [5, 1, 9],
			"to": [7, 2, 11],
			"faces": {
				"north": {"uv": [5, 9, 7, 10], "texture": "#texture"},
				"east": {"uv": [6, 9, 7, 11], "rotation": 90, "texture": "#texture"},
				"south": {"uv": [5, 10, 7, 11], "texture": "#texture"},
				"west": {"uv": [5, 9, 6, 11], "rotation": 270, "texture": "#texture"},
				"up": {"uv": [5, 9, 7, 11], "texture": "#texture"},
				"down": {"uv": [5, 11, 7, 9], "texture": "#texture", "cullface": "down"}
			}
		},
		{
			"from": [6, 1, 7],
			"to": [7, 2, 9],
			"faces": {
				"east": {"uv": [6, 7, 7, 9], "rotation": 90, "texture": "#texture"},
				"west": {"uv": [6, 7, 7, 9], "rotation": 270, "texture": "#texture"},
				"up": {"uv": [6, 7, 7, 9], "texture": "#texture"},
				"down": {"uv": [6, 9, 7, 7], "texture": "#texture", "cullface": "down"}
			}
		},
		{
			"from": [9, 1, 7],
			"to": [10, 2, 9],
			"faces": {
				"east": {"uv": [9, 7, 10, 9], "rotation": 90, "texture": "#texture"},
				"west": {"uv": [9, 7, 10, 9], "rotation": 270, "texture": "#texture"},
				"up": {"uv": [9, 7, 10, 9], "texture": "#texture"},
				"down": {"uv": [9, 9, 10, 7], "texture": "#texture", "cullface": "down"}
			}
		},
		{
			"from": [9, 1, 9],
			"to": [11, 2, 11],
			"faces": {
				"north": {"uv": [9, 9, 11, 10], "texture": "#texture"},
				"east": {"uv": [10, 9, 11, 11], "rotation": 90, "texture": "#texture"},
				"south": {"uv": [9, 10, 11, 11], "texture": "#texture"},
				"west": {"uv": [9, 9, 10, 11], "rotation": 270, "texture": "#texture"},
				"up": {"uv": [9, 9, 11, 11], "texture": "#texture"},
				"down": {"uv": [9, 11, 11, 9], "texture": "#texture", "cullface": "down"}
			}
		},
		{
			"from": [5, 1, 5],
			"to": [7, 2, 7],
			"faces": {
				"north": {"uv": [5, 5, 7, 6], "texture": "#texture"},
				"east": {"uv": [6, 5, 7, 7], "rotation": 90, "texture": "#texture"},
				"south": {"uv": [5, 6, 7, 7], "texture": "#texture"},
				"west": {"uv": [5, 5, 6, 7], "rotation": 270, "texture": "#texture"},
				"up": {"uv": [5, 5, 7, 7], "texture": "#texture"},
				"down": {"uv": [5, 7, 7, 5], "texture": "#texture", "cullface": "down"}
			}
		},
		{
			"from": [7, 1, 6],
			"to": [9, 2, 7],
			"faces": {
				"north": {"uv": [7, 6, 9, 7], "texture": "#texture"},
				"south": {"uv": [7, 6, 9, 7], "texture": "#texture"},
				"up": {"uv": [7, 6, 9, 7], "texture": "#texture"},
				"down": {"uv": [7, 7, 9, 6], "texture": "#texture", "cullface": "down"}
			}
		},
		{
			"from": [7, 1, 9],
			"to": [9, 2, 10],
			"faces": {
				"north": {"uv": [7, 9, 9, 10], "texture": "#texture"},
				"south": {"uv": [7, 9, 9, 10], "texture": "#texture"},
				"up": {"uv": [7, 9, 9, 10], "texture": "#texture"},
				"down": {"uv": [7, 10, 9, 9], "texture": "#texture", "cullface": "down"}
			}
		},
		{
			"from": [5, 0, 0.0001],
			"to": [11, 3, 3.0001],
			"faces": {
				"north": {"uv": [5, 0, 11, 3], "texture": "#side", "cullface": "north"},
				"south": {"uv": [5, 3, 11, 6], "texture": "#side"},
				"up": {"uv": [5, 0, 11, 3], "texture": "#texture"},
				"down": {"uv": [5, 3, 11, 0], "texture": "#texture", "cullface": "down"}
			}
		},
		{
			"from": [5, 0, 13],
			"to": [11, 3, 16],
			"faces": {
				"north": {"uv": [5, 3, 11, 6], "texture": "#side"},
				"south": {"uv": [5, 0, 11, 3], "texture": "#side", "cullface": "south"},
				"up": {"uv": [5, 13, 11, 16], "texture": "#texture"},
				"down": {"uv": [5, 16, 11, 13], "texture": "#texture", "cullface": "down"}
			}
		},
		{
			"from": [13, 0, 5],
			"to": [16, 3, 11],
			"faces": {
				"east": {"uv": [5, 0, 11, 3], "texture": "#side", "cullface": "east"},
				"west": {"uv": [5, 3, 11, 6], "texture": "#side"},
				"up": {"uv": [13, 5, 16, 11], "texture": "#texture"},
				"down": {"uv": [13, 11, 16, 5], "texture": "#texture", "cullface": "down"}
			}
		}
	]
}