{
	"credit": "Created by _GrandMagus_",
	"parent": "block/template_orientable_trapdoor_bottom",
	"textures": {
		"texture": "block/exposed_copper_trapdoor",
		"side": "block/exposed_copper_trapdoor_side"
	},
	"elements": [
		{
			"from": [5, 0, 13],
			"to": [11, 3, 16],
			"faces": {
				"north": {"uv": [13, 11, 16, 5], "rotation": 90, "texture": "#texture"},
				"south": {"uv": [13, 5, 16, 11], "rotation": 90, "texture": "#texture", "cullface": "south"},
				"up": {"uv": [5, 3, 11, 6], "rotation": 180, "texture": "#side"},
				"down": {"uv": [5, 0, 11, 3], "texture": "#side", "cullface": "down"}
			}
		},
		{
			"from": [5, 13, 13],
			"to": [11, 16, 16],
			"faces": {
				"north": {"uv": [0, 11, 3, 5], "rotation": 90, "texture": "#texture"},
				"south": {"uv": [0, 5, 3, 11], "rotation": 90, "texture": "#texture", "cullface": "south"},
				"up": {"uv": [5, 0, 11, 3], "rotation": 180, "texture": "#side", "cullface": "up"},
				"down": {"uv": [5, 3, 11, 6], "texture": "#side"}
			}
		},
		{
			"from": [11, 11, 13],
			"to": [16, 16, 16],
			"faces": {
				"north": {"uv": [0, 5, 5, 0], "rotation": 90, "texture": "#texture"},
				"east": {"uv": [11, 0, 16, 3], "rotation": 270, "texture": "#side", "cullface": "east"},
				"south": {"uv": [0, 0, 5, 5], "rotation": 90, "texture": "#texture", "cullface": "south"},
				"west": {"uv": [11, 3, 16, 6], "rotation": 90, "texture": "#side"},
				"up": {"uv": [0, 0, 5, 3], "rotation": 180, "texture": "#side", "cullface": "up"},
				"down": {"uv": [0, 3, 5, 6], "texture": "#side"}
			}
		},
		{
			"from": [0, 11, 13],
			"to": [5, 16, 16],
			"faces": {
				"north": {"uv": [0, 16, 5, 11], "rotation": 90, "texture": "#texture"},
				"east": {"uv": [0, 3, 5, 6], "rotation": 270, "texture": "#side"},
				"south": {"uv": [0, 11, 5, 16], "rotation": 90, "texture": "#texture", "cullface": "south"},
				"west": {"uv": [0, 0, 5, 3], "rotation": 90, "texture": "#side", "cullface": "west"},
				"up": {"uv": [11, 0, 16, 3], "rotation": 180, "texture": "#side", "cullface": "up"},
				"down": {"uv": [11, 3, 16, 6], "texture": "#side"}
			}
		},
		{
			"from": [0, 0, 13],
			"to": [5, 5, 16],
			"faces": {
				"north": {"uv": [11, 16, 16, 11], "rotation": 90, "texture": "#texture"},
				"east": {"uv": [11, 3, 16, 6], "rotation": 270, "texture": "#side"},
				"south": {"uv": [11, 11, 16, 16], "rotation": 90, "texture": "#texture", "cullface": "south"},
				"west": {"uv": [11, 0, 16, 3], "rotation": 90, "texture": "#side", "cullface": "west"},
				"up": {"uv": [0, 3, 5, 6], "rotation": 180, "texture": "#side"},
				"down": {"uv": [0, 0, 5, 3], "texture": "#side", "cullface": "down"}
			}
		},
		{
			"from": [11, 0, 13],
			"to": [16, 5, 16],
			"faces": {
				"north": {"uv": [11, 5, 16, 0], "rotation": 90, "texture": "#texture"},
				"east": {"uv": [0, 0, 5, 3], "rotation": 270, "texture": "#side", "cullface": "east"},
				"south": {"uv": [11, 0, 16, 5], "rotation": 90, "texture": "#texture", "cullface": "south"},
				"west": {"uv": [0, 3, 5, 6], "rotation": 90, "texture": "#side"},
				"up": {"uv": [11, 3, 16, 6], "rotation": 180, "texture": "#side"},
				"down": {"uv": [11, 0, 16, 3], "texture": "#side", "cullface": "down"}
			}
		},
		{
			"from": [10, 10, 14],
			"to": [12, 12, 15],
			"faces": {
				"north": {"uv": [4, 6, 6, 4], "rotation": 90, "texture": "#texture"},
				"east": {"uv": [4, 4, 6, 5], "rotation": 270, "texture": "#texture"},
				"south": {"uv": [4, 4, 6, 6], "rotation": 90, "texture": "#texture", "cullface": "south"},
				"west": {"uv": [4, 5, 6, 6], "rotation": 90, "texture": "#texture"},
				"up": {"uv": [4, 4, 5, 6], "rotation": 90, "texture": "#texture"},
				"down": {"uv": [5, 4, 6, 6], "rotation": 90, "texture": "#texture"}
			}
		},
		{
			"from": [10, 4, 14],
			"to": [12, 6, 15],
			"faces": {
				"north": {"uv": [10, 6, 12, 4], "rotation": 90, "texture": "#texture"},
				"east": {"uv": [10, 4, 12, 5], "rotation": 270, "texture": "#texture"},
				"south": {"uv": [10, 4, 12, 6], "rotation": 90, "texture": "#texture", "cullface": "south"},
				"west": {"uv": [10, 5, 12, 6], "rotation": 90, "texture": "#texture"},
				"up": {"uv": [10, 4, 11, 6], "rotation": 90, "texture": "#texture"},
				"down": {"uv": [11, 4, 12, 6], "rotation": 90, "texture": "#texture"}
			}
		},
		{
			"from": [9, 5, 14],
			"to": [11, 7, 15],
			"faces": {
				"north": {"uv": [9, 7, 11, 5], "rotation": 90, "texture": "#texture"},
				"east": {"uv": [9, 5, 11, 6], "rotation": 270, "texture": "#texture"},
				"south": {"uv": [9, 5, 11, 7], "rotation": 90, "texture": "#texture", "cullface": "south"},
				"west": {"uv": [9, 6, 11, 7], "rotation": 90, "texture": "#texture"},
				"up": {"uv": [9, 5, 10, 7], "rotation": 90, "texture": "#texture"},
				"down": {"uv": [10, 5, 11, 7], "rotation": 90, "texture": "#texture"}
			}
		},
		{
			"from": [4, 4, 14],
			"to": [6, 6, 15],
			"faces": {
				"north": {"uv": [10, 12, 12, 10], "rotation": 90, "texture": "#texture"},
				"east": {"uv": [10, 10, 12, 11], "rotation": 270, "texture": "#texture"},
				"south": {"uv": [10, 10, 12, 12], "rotation": 90, "texture": "#texture", "cullface": "south"},
				"west": {"uv": [10, 11, 12, 12], "rotation": 90, "texture": "#texture"},
				"up": {"uv": [10, 10, 11, 12], "rotation": 90, "texture": "#texture"},
				"down": {"uv": [11, 10, 12, 12], "rotation": 90, "texture": "#texture"}
			}
		},
		{
			"from": [4, 10, 14],
			"to": [6, 12, 15],
			"faces": {
				"north": {"uv": [4, 12, 6, 10], "rotation": 90, "texture": "#texture"},
				"east": {"uv": [4, 10, 6, 11], "rotation": 270, "texture": "#texture"},
				"south": {"uv": [4, 10, 6, 12], "rotation": 90, "texture": "#texture", "cullface": "south"},
				"west": {"uv": [4, 11, 6, 12], "rotation": 90, "texture": "#texture"},
				"up": {"uv": [4, 10, 5, 12], "rotation": 90, "texture": "#texture"},
				"down": {"uv": [5, 10, 6, 12], "rotation": 90, "texture": "#texture"}
			}
		},
		{
			"from": [5, 9, 14],
			"to": [7, 11, 15],
			"faces": {
				"north": {"uv": [5, 11, 7, 9], "rotation": 90, "texture": "#texture"},
				"east": {"uv": [5, 9, 7, 10], "rotation": 270, "texture": "#texture"},
				"south": {"uv": [5, 9, 7, 11], "rotation": 90, "texture": "#texture", "cullface": "south"},
				"west": {"uv": [5, 10, 7, 11], "rotation": 90, "texture": "#texture"},
				"up": {"uv": [5, 9, 6, 11], "rotation": 90, "texture": "#texture"},
				"down": {"uv": [6, 9, 7, 11], "rotation": 90, "texture": "#texture"}
			}
		},
		{
			"from": [7, 9, 14],
			"to": [9, 10, 15],
			"faces": {
				"north": {"uv": [6, 9, 7, 7], "rotation": 90, "texture": "#texture"},
				"south": {"uv": [6, 7, 7, 9], "rotation": 90, "texture": "#texture", "cullface": "south"},
				"up": {"uv": [6, 7, 7, 9], "rotation": 90, "texture": "#texture"},
				"down": {"uv": [6, 7, 7, 9], "rotation": 90, "texture": "#texture"}
			}
		},
		{
			"from": [7, 6, 14],
			"to": [9, 7, 15],
			"faces": {
				"north": {"uv": [9, 9, 10, 7], "rotation": 90, "texture": "#texture"},
				"south": {"uv": [9, 7, 10, 9], "rotation": 90, "texture": "#texture", "cullface": "south"},
				"up": {"uv": [9, 7, 10, 9], "rotation": 90, "texture": "#texture"},
				"down": {"uv": [9, 7, 10, 9], "rotation": 90, "texture": "#texture"}
			}
		},
		{
			"from": [5, 5, 14],
			"to": [7, 7, 15],
			"faces": {
				"north": {"uv": [9, 11, 11, 9], "rotation": 90, "texture": "#texture"},
				"east": {"uv": [9, 9, 11, 10], "rotation": 270, "texture": "#texture"},
				"south": {"uv": [9, 9, 11, 11], "rotation": 90, "texture": "#texture", "cullface": "south"},
				"west": {"uv": [9, 10, 11, 11], "rotation": 90, "texture": "#texture"},
				"up": {"uv": [9, 9, 10, 11], "rotation": 90, "texture": "#texture"},
				"down": {"uv": [10, 9, 11, 11], "rotation": 90, "texture": "#texture"}
			}
		},
		{
			"from": [9, 9, 14],
			"to": [11, 11, 15],
			"faces": {
				"north": {"uv": [5, 7, 7, 5], "rotation": 90, "texture": "#texture"},
				"east": {"uv": [5, 5, 7, 6], "rotation": 270, "texture": "#texture"},
				"south": {"uv": [5, 5, 7, 7], "rotation": 90, "texture": "#texture", "cullface": "south"},
				"west": {"uv": [5, 6, 7, 7], "rotation": 90, "texture": "#texture"},
				"up": {"uv": [5, 5, 6, 7], "rotation": 90, "texture": "#texture"},
				"down": {"uv": [6, 5, 7, 7], "rotation": 90, "texture": "#texture"}
			}
		},
		{
			"from": [9, 7, 14],
			"to": [10, 9, 15],
			"faces": {
				"north": {"uv": [7, 7, 9, 6], "rotation": 90, "texture": "#texture"},
				"east": {"uv": [7, 6, 9, 7], "rotation": 270, "texture": "#texture"},
				"south": {"uv": [7, 6, 9, 7], "rotation": 90, "texture": "#texture", "cullface": "south"},
				"west": {"uv": [7, 6, 9, 7], "rotation": 90, "texture": "#texture"}
			}
		},
		{
			"from": [6, 7, 14],
			"to": [7, 9, 15],
			"faces": {
				"north": {"uv": [7, 10, 9, 9], "rotation": 90, "texture": "#texture"},
				"east": {"uv": [7, 9, 9, 10], "rotation": 270, "texture": "#texture"},
				"south": {"uv": [7, 9, 9, 10], "rotation": 90, "texture": "#texture", "cullface": "south"},
				"west": {"uv": [7, 9, 9, 10], "rotation": 90, "texture": "#texture"}
			}
		},
		{
			"from": [12.9999, 5, 13],
			"to": [15.9999, 11, 16],
			"faces": {
				"north": {"uv": [5, 3, 11, 0], "rotation": 90, "texture": "#texture"},
				"east": {"uv": [5, 0, 11, 3], "rotation": 270, "texture": "#side", "cullface": "east"},
				"south": {"uv": [5, 0, 11, 3], "rotation": 90, "texture": "#texture", "cullface": "south"},
				"west": {"uv": [5, 3, 11, 6], "rotation": 90, "texture": "#side"}
			}
		},
		{
			"from": [0, 5, 13],
			"to": [3, 11, 16],
			"faces": {
				"north": {"uv": [5, 16, 11, 13], "rotation": 90, "texture": "#texture"},
				"east": {"uv": [5, 3, 11, 6], "rotation": 270, "texture": "#side"},
				"south": {"uv": [5, 13, 11, 16], "rotation": 90, "texture": "#texture", "cullface": "south"},
				"west": {"uv": [5, 0, 11, 3], "rotation": 90, "texture": "#side", "cullface": "west"}
			}
		}
	]
}