{
	"credit": "Made with Blockbench by _GrandMagus_",
	"ambientocclusion": false,
	"textures": {
		"particle": "block/lily_pad",
		"texture": "block/lily_pad",
		"flower": "block/lily_pad_flower_pink"
	},
	"elements": [
		{
			"from": [0, 1.25, 0],
			"to": [16, 1.251, 16],
			"rotation": {"angle": 0, "axis": "y", "origin": [0, 3, 0]},
			"faces": {
				"up": {"uv": [16, 0, 0, 16], "texture": "#texture", "tintindex": 0},
				"down": {"uv": [16, 16, 0, 0], "texture": "#texture", "tintindex": 0}
			}
		},
		{
			"from": [12.5, 1.25, 4],
			"to": [12.501, 9.25, 18.4],
			"shade": false,
			"rotation": {"angle": -45, "axis": "y", "origin": [12.5, 2, 4]},
			"faces": {
				"east": {"uv": [0, 8, 16, 16], "texture": "#flower"},
				"west": {"uv": [0, 8, 16, 16], "texture": "#flower"}
			}
		},
		{
			"from": [2.5, 1.25, 4],
			"to": [2.501, 9.25, 18.4],
			"shade": false,
			"rotation": {"angle": 45, "axis": "y", "origin": [2.5, 2, 4]},
			"faces": {
				"east": {"uv": [0, 8, 16, 16], "texture": "#flower"},
				"west": {"uv": [0, 8, 16, 16], "texture": "#flower"}
			}
		},
		{
			"from": [7.5, 1.25, 2],
			"to": [15.5, 1.25, 16],
			"shade": false,
			"rotation": {"angle": 22.5, "axis": "z", "origin": [7.5, 1.25, 9]},
			"faces": {
				"up": {"uv": [0, 0, 16, 8], "rotation": 90, "texture": "#flower"},
				"down": {"uv": [0, 0, 16, 8], "rotation": 90, "texture": "#flower"}
			}
		},
		{
			"from": [-0.5, 1.25, 2],
			"to": [7.5, 1.25, 16],
			"shade": false,
			"rotation": {"angle": -22.5, "axis": "z", "origin": [7.5, 1.25, 9]},
			"faces": {
				"up": {"uv": [0, 0, 16, 8], "rotation": 270, "texture": "#flower"},
				"down": {"uv": [0, 0, 16, 8], "rotation": 270, "texture": "#flower"}
			}
		}
	]
}