{
	"credit": "Created by _GrandMagus_",
	"parent": "block/template_orientable_trapdoor_bottom",
	"textures": {
		"texture": "block/mangrove_trapdoor",
		"side": "block/mangrove_trapdoor_side"
	},
	"elements": [
		{
			"name": "Cube1",
			"from": [11, 0, 13],
			"to": [16, 16, 16],
			"faces": {
				"north": {"uv": [5, 16, 0, 0], "rotation": 180, "texture": "#texture"},
				"east": {"uv": [0, 0, 16, 3], "rotation": 90, "texture": "#side", "cullface": "east"},
				"south": {"uv": [16, 16, 11, 0], "rotation": 180, "texture": "#texture", "cullface": "south"},
				"west": {"uv": [0, 3, 16, 6], "rotation": 270, "texture": "#side"},
				"up": {"uv": [11, 0, 16, 3], "texture": "#side", "cullface": "up"},
				"down": {"uv": [5, 3, 0, 0], "texture": "#side", "cullface": "down"}
			}
		},
		{
			"name": "Cube2",
			"from": [10, 10, 13],
			"to": [11, 11, 16],
			"faces": {
				"north": {"uv": [11, 6, 10, 5], "rotation": 180, "texture": "#texture"},
				"south": {"uv": [6, 5, 5, 6], "rotation": 270, "texture": "#texture", "cullface": "south"},
				"west": {"uv": [6, 3, 7, 6], "rotation": 270, "texture": "#side"},
				"down": {"uv": [5, 6, 4, 3], "texture": "#side"}
			}
		},
		{
			"name": "Cube3",
			"from": [5, 10, 13],
			"to": [6, 11, 16],
			"faces": {
				"north": {"uv": [11, 6, 10, 5], "rotation": 180, "texture": "#texture"},
				"east": {"uv": [5, 3, 6, 6], "rotation": 90, "texture": "#side"},
				"south": {"uv": [6, 5, 5, 6], "rotation": 270, "texture": "#texture", "cullface": "south"},
				"down": {"uv": [5, 6, 4, 3], "texture": "#side"}
			}
		},
		{
			"name": "Cube4",
			"from": [5, 5, 13],
			"to": [6, 6, 16],
			"faces": {
				"north": {"uv": [11, 11, 10, 10], "rotation": 180, "texture": "#texture"},
				"east": {"uv": [5, 3, 6, 6], "rotation": 90, "texture": "#side"},
				"south": {"uv": [6, 10, 5, 11], "rotation": 270, "texture": "#texture", "cullface": "south"},
				"up": {"uv": [7, 3, 8, 6], "texture": "#side"}
			}
		},
		{
			"name": "Cube5",
			"from": [10, 5, 13],
			"to": [11, 6, 16],
			"faces": {
				"north": {"uv": [6, 11, 5, 10], "rotation": 180, "texture": "#texture"},
				"south": {"uv": [11, 10, 10, 11], "rotation": 270, "texture": "#texture", "cullface": "south"},
				"west": {"uv": [6, 3, 7, 6], "rotation": 270, "texture": "#side"},
				"up": {"uv": [7, 3, 8, 6], "texture": "#side"}
			}
		},
		{
			"name": "Cube1",
			"from": [5, 11, 13.0001],
			"to": [11, 16, 16.0001],
			"faces": {
				"north": {"uv": [11, 5, 5, 0], "rotation": 180, "texture": "#texture"},
				"south": {"uv": [5, 5, 11, 0], "rotation": 180, "texture": "#texture", "cullface": "south"},
				"up": {"uv": [5, 0, 11, 3], "texture": "#side", "cullface": "up"},
				"down": {"uv": [11, 6, 5, 3], "texture": "#side"}
			}
		},
		{
			"name": "Cube1",
			"from": [5, 0, 13],
			"to": [11, 5, 16],
			"faces": {
				"north": {"uv": [11, 16, 5, 11], "rotation": 180, "texture": "#texture"},
				"south": {"uv": [5, 16, 11, 11], "rotation": 180, "texture": "#texture", "cullface": "south"},
				"up": {"uv": [5, 3, 11, 6], "texture": "#side"},
				"down": {"uv": [11, 3, 5, 0], "texture": "#side", "cullface": "down"}
			}
		},
		{
			"name": "Cube1",
			"from": [0, 0, 13],
			"to": [5, 16, 16],
			"faces": {
				"north": {"uv": [16, 16, 11, 0], "rotation": 180, "texture": "#texture"},
				"east": {"uv": [0, 3, 16, 6], "rotation": 90, "texture": "#side"},
				"south": {"uv": [5, 16, 0, 0], "rotation": 180, "texture": "#texture", "cullface": "south"},
				"west": {"uv": [0, 0, 16, 3], "rotation": 270, "texture": "#side", "cullface": "west"},
				"up": {"uv": [0, 0, 5, 3], "texture": "#side", "cullface": "up"},
				"down": {"uv": [16, 3, 11, 0], "texture": "#side", "cullface": "down"}
			}
		}
	]
}