{
	"credit": "Created by _GrandMagus_",
	"textures": {
		"top": "block/oxidized_copper_door_top",
		"particle": "block/oxidized_copper_door_top_flipped",
		"top_flipped": "block/oxidized_copper_door_top_flipped",
		"side": "block/oxidized_copper_door_top_sides"
	},
	"elements": [
		{
			"name": "Cube2",
			"from": [1, 11, 3],
			"to": [2, 13, 5],
			"faces": {
				"east": {"uv": [11, 3, 13, 5], "texture": "#top"},
				"south": {"uv": [4, 3, 5, 5], "texture": "#top"},
				"west": {"uv": [3, 3, 5, 5], "texture": "#top_flipped", "cullface": "west"},
				"down": {"uv": [3, 4, 5, 5], "rotation": 90, "texture": "#top_flipped"}
			}
		},
		{
			"name": "Cube3",
			"from": [1, 10, 4],
			"to": [2, 12, 6],
			"faces": {
				"north": {"uv": [4, 4, 5, 6], "texture": "#top_flipped"},
				"east": {"uv": [10, 4, 12, 6], "texture": "#top"},
				"south": {"uv": [5, 4, 6, 6], "texture": "#top"},
				"west": {"uv": [4, 4, 6, 6], "texture": "#top_flipped", "cullface": "west"},
				"up": {"uv": [4, 4, 6, 5], "rotation": 90, "texture": "#top_flipped"},
				"down": {"uv": [6, 5, 4, 6], "rotation": 90, "texture": "#top_flipped"}
			}
		},
		{
			"name": "Cube4",
			"from": [1, 9, 5],
			"to": [2, 11, 7],
			"faces": {
				"north": {"uv": [5, 5, 6, 7], "texture": "#top_flipped"},
				"east": {"uv": [9, 5, 11, 7], "texture": "#top"},
				"south": {"uv": [6, 5, 7, 7], "texture": "#top"},
				"west": {"uv": [5, 5, 7, 7], "texture": "#top_flipped", "cullface": "west"},
				"up": {"uv": [5, 5, 7, 6], "rotation": 90, "texture": "#top_flipped"},
				"down": {"uv": [7, 6, 5, 7], "rotation": 90, "texture": "#top_flipped"}
			}
		},
		{
			"name": "Cube4",
			"from": [1, 4, 4],
			"to": [2, 6, 6],
			"faces": {
				"north": {"uv": [4, 10, 5, 12], "texture": "#top_flipped"},
				"east": {"uv": [10, 10, 12, 12], "texture": "#top"},
				"south": {"uv": [5, 10, 6, 12], "texture": "#top"},
				"west": {"uv": [4, 10, 6, 12], "texture": "#top_flipped", "cullface": "west"},
				"up": {"uv": [4, 10, 6, 11], "rotation": 90, "texture": "#top_flipped"},
				"down": {"uv": [6, 11, 4, 12], "rotation": 90, "texture": "#top_flipped"}
			}
		},
		{
			"name": "Cube5",
			"from": [1, 3, 3],
			"to": [2, 5, 5],
			"faces": {
				"east": {"uv": [11, 11, 13, 13], "texture": "#top"},
				"south": {"uv": [4, 11, 5, 13], "texture": "#top"},
				"west": {"uv": [3, 11, 5, 13], "texture": "#top_flipped", "cullface": "west"},
				"up": {"uv": [3, 11, 5, 12], "rotation": 90, "texture": "#top_flipped"}
			}
		},
		{
			"name": "Cube5",
			"from": [1, 5, 5],
			"to": [2, 7, 7],
			"faces": {
				"north": {"uv": [5, 9, 6, 11], "texture": "#top_flipped"},
				"east": {"uv": [9, 9, 11, 11], "texture": "#top"},
				"south": {"uv": [6, 5, 7, 7], "texture": "#top"},
				"west": {"uv": [5, 9, 7, 11], "texture": "#top_flipped", "cullface": "west"},
				"up": {"uv": [5, 9, 7, 10], "rotation": 90, "texture": "#top_flipped"},
				"down": {"uv": [7, 10, 5, 11], "rotation": 90, "texture": "#top_flipped"}
			}
		},
		{
			"name": "Cube6",
			"from": [1, 5, 9],
			"to": [2, 7, 11],
			"faces": {
				"north": {"uv": [9, 9, 10, 11], "texture": "#top_flipped"},
				"east": {"uv": [9, 5, 11, 7], "texture": "#top"},
				"south": {"uv": [10, 9, 11, 11], "texture": "#top"},
				"west": {"uv": [9, 9, 11, 11], "texture": "#top_flipped", "cullface": "west"},
				"up": {"uv": [9, 9, 11, 10], "rotation": 90, "texture": "#top_flipped"},
				"down": {"uv": [11, 10, 9, 11], "rotation": 90, "texture": "#top_flipped"}
			}
		},
		{
			"name": "Cube7",
			"from": [1, 3, 11],
			"to": [2, 5, 13],
			"faces": {
				"north": {"uv": [11, 11, 12, 13], "texture": "#top_flipped"},
				"east": {"uv": [11, 11, 13, 13], "texture": "#top"},
				"west": {"uv": [11, 11, 13, 13], "texture": "#top_flipped", "cullface": "west"},
				"up": {"uv": [11, 11, 13, 12], "rotation": 90, "texture": "#top_flipped"}
			}
		},
		{
			"name": "Cube8",
			"from": [1, 4, 10],
			"to": [2, 6, 12],
			"faces": {
				"north": {"uv": [10, 10, 11, 12], "texture": "#top_flipped"},
				"east": {"uv": [9, 5, 11, 7], "texture": "#top"},
				"south": {"uv": [11, 10, 12, 12], "texture": "#top"},
				"west": {"uv": [10, 10, 12, 12], "texture": "#top_flipped", "cullface": "west"},
				"up": {"uv": [10, 10, 12, 11], "rotation": 90, "texture": "#top_flipped"},
				"down": {"uv": [12, 11, 10, 12], "rotation": 90, "texture": "#top_flipped"}
			}
		},
		{
			"name": "Cube9",
			"from": [1, 9, 9],
			"to": [2, 11, 11],
			"faces": {
				"north": {"uv": [9, 5, 10, 7], "texture": "#top_flipped"},
				"east": {"uv": [5, 5, 7, 7], "texture": "#top"},
				"south": {"uv": [6, 5, 7, 7], "texture": "#top"},
				"west": {"uv": [9, 5, 11, 7], "texture": "#top_flipped", "cullface": "west"},
				"up": {"uv": [9, 5, 11, 6], "rotation": 90, "texture": "#top_flipped"},
				"down": {"uv": [11, 6, 9, 7], "rotation": 90, "texture": "#top_flipped"}
			}
		},
		{
			"name": "Cube10",
			"from": [1, 10, 10],
			"to": [2, 12, 12],
			"faces": {
				"north": {"uv": [10, 4, 11, 6], "texture": "#top_flipped"},
				"east": {"uv": [4, 4, 6, 6], "texture": "#top"},
				"south": {"uv": [6, 5, 7, 7], "texture": "#top"},
				"west": {"uv": [10, 4, 12, 6], "texture": "#top_flipped", "cullface": "west"},
				"up": {"uv": [10, 4, 12, 5], "rotation": 90, "texture": "#top_flipped"},
				"down": {"uv": [12, 5, 10, 6], "rotation": 90, "texture": "#top_flipped"}
			}
		},
		{
			"name": "Cube11",
			"from": [1, 11, 11],
			"to": [2, 13, 13],
			"faces": {
				"north": {"uv": [11, 3, 12, 5], "texture": "#top_flipped"},
				"east": {"uv": [3, 3, 5, 5], "texture": "#top"},
				"west": {"uv": [11, 3, 13, 5], "texture": "#top_flipped", "cullface": "west"},
				"down": {"uv": [13, 4, 11, 5], "rotation": 90, "texture": "#top_flipped"}
			}
		},
		{
			"name": "Cube5",
			"from": [1, 6, 6],
			"to": [2, 10, 10],
			"faces": {
				"north": {"uv": [6, 6, 7, 10], "texture": "#top_flipped"},
				"east": {"uv": [6, 6, 10, 10], "texture": "#top"},
				"south": {"uv": [9, 6, 10, 10], "texture": "#top"},
				"west": {"uv": [6, 6, 10, 10], "texture": "#top_flipped", "cullface": "west"},
				"up": {"uv": [6, 6, 10, 7], "rotation": 90, "texture": "#top_flipped"},
				"down": {"uv": [10, 9, 6, 10], "rotation": 90, "texture": "#top_flipped"}
			}
		},
		{
			"name": "Cube3",
			"from": [0, 3, 0],
			"to": [3, 16, 3],
			"faces": {
				"north": {"uv": [3, 0, 6, 13], "texture": "#side", "cullface": "north"},
				"east": {"uv": [13, 0, 16, 13], "texture": "#top"},
				"south": {"uv": [13, 0, 14, 13], "texture": "#top_flipped"},
				"west": {"uv": [16, 0, 13, 13], "texture": "#top_flipped", "cullface": "west"},
				"up": {"uv": [9, 0, 6, 3], "texture": "#side", "cullface": "up"}
			}
		},
		{
			"name": "Cube3",
			"from": [0, 3, 13],
			"to": [3, 16, 16],
			"faces": {
				"north": {"uv": [2, 0, 3, 13], "texture": "#top_flipped"},
				"east": {"uv": [0, 0, 3, 13], "texture": "#top"},
				"south": {"uv": [0, 0, 3, 13], "texture": "#side", "cullface": "south"},
				"west": {"uv": [3, 0, 0, 13], "texture": "#top_flipped", "cullface": "west"},
				"up": {"uv": [6, 16, 9, 13], "rotation": 180, "texture": "#side", "cullface": "up"}
			}
		},
		{
			"name": "Cube2",
			"from": [0, 0, 0],
			"to": [3, 3, 16],
			"faces": {
				"north": {"uv": [3, 13, 6, 16], "texture": "#side", "cullface": "north"},
				"east": {"uv": [0, 13, 16, 16], "texture": "#top"},
				"south": {"uv": [0, 13, 3, 16], "texture": "#side", "cullface": "south"},
				"west": {"uv": [16, 13, 0, 16], "texture": "#top_flipped", "cullface": "west"},
				"up": {"uv": [0, 13, 16, 14], "rotation": 90, "texture": "#top_flipped"}
			}
		},
		{
			"name": "Cube2",
			"from": [0, 13, 3],
			"to": [3, 16, 13],
			"faces": {
				"east": {"uv": [3, 0, 13, 3], "texture": "#top"},
				"west": {"uv": [13, 0, 3, 3], "texture": "#top_flipped", "cullface": "west"},
				"up": {"uv": [9, 3, 6, 13], "texture": "#side", "cullface": "up"},
				"down": {"uv": [3, 2, 13, 3], "rotation": 90, "texture": "#top_flipped"}
			}
		}
	]
}