{
  "variants": {
    "": [
    	{"model": "minecraft:block/nether_sprouts"},
    	{"model": "minecraft:block/nether_sprouts", "y":90},
    	{"model": "minecraft:block/nether_sprouts", "y":180},
    	{"model": "minecraft:block/nether_sprouts", "y":270},
      {"model": "minecraft:block/nether_sprouts_2"},
      {"model": "minecraft:block/nether_sprouts_2", "y":90},
    	{"model": "minecraft:block/nether_sprouts_2", "y":180},
    	{"model": "minecraft:block/nether_sprouts_2", "y":270}
    ]
  }
}