{
	"credit": "Made with Blockbench",
	"parent": "block/template_door_bottom_right_open",
	"textures": {
		"bottom": "block/acacia_door_bottom",
		"bottom_flipped": "block/acacia_door_bottom_flipped",
		"side": "block/acacia_door_bottom_sides"
	},
	"elements": [
		{
			"from": [0, 0, 13],
			"to": [3, 15, 16],
			"faces": {
				"north": {"uv": [13, 1, 14, 16], "texture": "#bottom"},
				"east": {"uv": [16, 1, 13, 16], "texture": "#bottom_flipped"},
				"south": {"uv": [3, 1, 6, 16], "texture": "#side", "cullface": "south"},
				"west": {"uv": [13, 1, 16, 16], "texture": "#bottom", "cullface": "west"},
				"down": {"uv": [6, 16, 9, 13], "texture": "#side", "cullface": "down"}
			}
		},
		{
			"from": [0, 0, 3],
			"to": [3, 3, 13],
			"faces": {
				"east": {"uv": [13, 13, 3, 16], "texture": "#bottom_flipped"},
				"west": {"uv": [3, 13, 13, 16], "texture": "#bottom", "cullface": "west"},
				"up": {"uv": [3, 13, 13, 14], "rotation": 90, "texture": "#bottom"},
				"down": {"uv": [6, 13, 9, 3], "texture": "#side", "cullface": "down"}
			}
		},
		{
			"from": [0, 0, 0],
			"to": [3, 15, 3],
			"faces": {
				"north": {"uv": [0, 1, 3, 16], "texture": "#side", "cullface": "north"},
				"east": {"uv": [3, 1, 0, 16], "texture": "#bottom_flipped"},
				"south": {"uv": [2, 1, 3, 16], "texture": "#bottom"},
				"west": {"uv": [0, 1, 3, 16], "texture": "#bottom", "cullface": "west"},
				"down": {"uv": [6, 3, 9, 0], "texture": "#side", "cullface": "down"}
			}
		},
		{
			"from": [0, 15, 0],
			"to": [3, 16, 16],
			"faces": {
				"north": {"uv": [0, 1, 3, 0], "texture": "#side", "cullface": "north"},
				"east": {"uv": [16, 0, 0, 1], "texture": "#bottom_flipped"},
				"south": {"uv": [3, 0, 6, 1], "texture": "#side", "cullface": "south"},
				"west": {"uv": [0, 0, 16, 1], "texture": "#bottom", "cullface": "west"},
				"down": {"uv": [16, 1, 0, 0], "rotation": 90, "texture": "#bottom"}
			}
		},
		{
			"from": [1, 3, 9],
			"to": [2, 15, 11],
			"faces": {
				"north": {"uv": [9, 1, 10, 13], "texture": "#bottom"},
				"east": {"uv": [11, 1, 9, 13], "texture": "#bottom_flipped"},
				"south": {"uv": [10, 1, 11, 13], "texture": "#bottom"},
				"west": {"uv": [9, 1, 11, 13], "texture": "#bottom", "cullface": "west"}
			}
		},
		{
			"from": [1, 3, 5],
			"to": [2, 15, 7],
			"faces": {
				"north": {"uv": [5, 1, 6, 13], "texture": "#bottom"},
				"east": {"uv": [7, 1, 5, 13], "texture": "#bottom_flipped"},
				"south": {"uv": [6, 1, 7, 13], "texture": "#bottom"},
				"west": {"uv": [5, 1, 7, 13], "texture": "#bottom", "cullface": "west"}
			}
		}
	]
}