{
	"credit": "Made with Blockbench",
	"parent": "block/template_orientable_trapdoor_bottom",
	"textures": {
		"texture": "block/bamboo_trapdoor",
		"side": "block/bamboo_trapdoor_side"
	},
	"elements": [
		{
			"name": "Cube1",
			"from": [0, 0, 0],
			"to": [3, 3, 16],
			"faces": {
				"north": {"uv": [13, 0, 16, 3], "texture": "#side", "cullface": "north"},
				"east": {"uv": [0, 3, 16, 6], "texture": "#side"},
				"south": {"uv": [0, 0, 3, 3], "texture": "#side", "cullface": "south"},
				"west": {"uv": [0, 3, 16, 6], "texture": "#side", "cullface": "west"},
				"up": {"uv": [0, 0, 3, 16], "texture": "#texture"},
				"down": {"uv": [0, 16, 3, 0], "texture": "#texture", "cullface": "down"}
			}
		},
		{
			"name": "Cube1",
			"from": [3, 1.5, 3],
			"to": [13, 1.5, 13],
			"faces": {
				"east": {"uv": [0, 3, 10, 6], "texture": "#side"},
				"west": {"uv": [0, 6, 10, 9], "texture": "#side"},
				"up": {"uv": [3, 3, 13, 13], "texture": "#texture"},
				"down": {"uv": [3, 13, 13, 3], "texture": "#texture", "cullface": "down"}
			}
		},
		{
			"name": "Cube1",
			"from": [3, 0, 0],
			"to": [13, 3, 3],
			"faces": {
				"north": {"uv": [3, 0, 13, 3], "texture": "#side", "cullface": "north"},
				"south": {"uv": [3, 3, 13, 6], "texture": "#side"},
				"up": {"uv": [3, 0, 13, 3], "texture": "#texture"},
				"down": {"uv": [3, 3, 13, 0], "texture": "#texture", "cullface": "down"}
			}
		},
		{
			"name": "Cube1",
			"from": [3, 0, 13],
			"to": [13, 3, 16],
			"faces": {
				"north": {"uv": [3, 3, 13, 6], "texture": "#side"},
				"south": {"uv": [3, 3, 13, 6], "texture": "#side", "cullface": "south"},
				"up": {"uv": [3, 13, 13, 16], "texture": "#texture"},
				"down": {"uv": [3, 16, 13, 13], "texture": "#texture", "cullface": "down"}
			}
		},
		{
			"name": "Cube1",
			"from": [13, 0, 0],
			"to": [16, 3, 16],
			"faces": {
				"north": {"uv": [0, 0, 3, 3], "texture": "#side", "cullface": "north"},
				"east": {"uv": [0, 3, 16, 6], "texture": "#side", "cullface": "east"},
				"south": {"uv": [13, 0, 16, 3], "texture": "#side", "cullface": "south"},
				"west": {"uv": [0, 3, 16, 6], "texture": "#side"},
				"up": {"uv": [13, 0, 16, 16], "texture": "#texture"},
				"down": {"uv": [13, 16, 16, 0], "texture": "#texture", "cullface": "down"}
			}
		}
	]
}