{
	"credit": "Made with Blockbench by _GrandMagus_",
	"textures": {
		"particle": "block/birch_door_bottom_flipped",
		"bottom": "block/birch_door_bottom_flipped",
		"side": "block/birch_door_bottom_sides"
	},
	"elements": [
		{
			"from": [0, 0, 0],
			"to": [3, 12, 16],
			"faces": {
				"north": {"uv": [0, 4, 3, 16], "texture": "#side", "cullface": "north"},
				"east": {"uv": [16, 4, 0, 16], "texture": "#bottom"},
				"south": {"uv": [3, 4, 6, 16], "texture": "#side", "cullface": "south"},
				"west": {"uv": [0, 4, 16, 16], "texture": "#bottom", "cullface": "west"},
				"up": {"uv": [0, 4, 16, 5], "rotation": 270, "texture": "#bottom"},
				"down": {"uv": [6, 0, 9, 16], "texture": "#side", "cullface": "down"}
			}
		},
		{
			"from": [0, 12, 0],
			"to": [3, 16, 3],
			"faces": {
				"north": {"uv": [0, 0, 3, 4], "texture": "#side", "cullface": "north"},
				"east": {"uv": [3, 0, 0, 3], "texture": "#bottom"},
				"south": {"uv": [2, 0, 3, 4], "texture": "#bottom"},
				"west": {"uv": [0, 0, 3, 4], "texture": "#bottom", "cullface": "west"}
			}
		},
		{
			"from": [0, 12, 13],
			"to": [3, 16, 16],
			"faces": {
				"north": {"uv": [13, 0, 14, 4], "texture": "#bottom"},
				"east": {"uv": [16, 0, 13, 4], "texture": "#bottom"},
				"south": {"uv": [3, 0, 6, 4], "texture": "#side", "cullface": "south"},
				"west": {"uv": [13, 0, 16, 4], "texture": "#bottom", "cullface": "west"}
			}
		},
		{
			"from": [1, 12, 3],
			"to": [2, 16, 13],
			"faces": {
				"east": {"uv": [3, 0, 13, 4], "texture": "#bottom"},
				"west": {"uv": [3, 0, 13, 4], "texture": "#bottom", "cullface": "west"}
			}
		}
	]
}