{
	"credit": "Made with Blockbench",
	"parent": "block/template_orientable_trapdoor_bottom",
	"textures": {
		"texture": "block/birch_trapdoor",
		"side": "block/birch_trapdoor_side"
	},
	"elements": [
		{
			"from": [13, 0, 12.9999],
			"to": [16, 16, 15.9999],
			"faces": {
				"north": {"uv": [3, 0, 0, 16], "rotation": 180, "texture": "#texture"},
				"east": {"uv": [0, 0, 16, 3], "rotation": 270, "texture": "#side", "cullface": "east"},
				"south": {"uv": [0, 0, 3, 16], "rotation": 180, "texture": "#texture", "cullface": "south"},
				"west": {"uv": [3, 0, 0, 16], "rotation": 180, "texture": "#texture"},
				"up": {"uv": [3, 3, 0, 0], "texture": "#side", "cullface": "up"},
				"down": {"uv": [13, 0, 16, 3], "texture": "#side", "cullface": "down"}
			}
		},
		{
			"from": [0, 0, 12.9999],
			"to": [3, 16, 15.9999],
			"faces": {
				"north": {"uv": [16, 0, 13, 16], "rotation": 180, "texture": "#texture"},
				"east": {"uv": [0, 0, 16, 3], "rotation": 270, "texture": "#side"},
				"south": {"uv": [13, 0, 16, 16], "rotation": 180, "texture": "#texture", "cullface": "south"},
				"west": {"uv": [0, 0, 16, 3], "rotation": 90, "texture": "#side", "cullface": "west"},
				"up": {"uv": [16, 3, 13, 0], "texture": "#side", "cullface": "up"},
				"down": {"uv": [0, 0, 3, 3], "texture": "#side", "cullface": "down"}
			}
		},
		{
			"from": [3, 0, 13.0001],
			"to": [13, 3, 16.0001],
			"faces": {
				"north": {"uv": [13, 0, 3, 3], "rotation": 180, "texture": "#texture"},
				"south": {"uv": [3, 0, 13, 3], "rotation": 180, "texture": "#texture", "cullface": "south"},
				"up": {"uv": [13, 3, 3, 0], "texture": "#side"},
				"down": {"uv": [3, 0, 13, 3], "texture": "#side", "cullface": "down"}
			}
		},
		{
			"from": [3, 13, 12.9999],
			"to": [13, 16, 15.9999],
			"faces": {
				"north": {"uv": [13, 13, 3, 16], "rotation": 180, "texture": "#texture"},
				"south": {"uv": [3, 13, 13, 16], "rotation": 180, "texture": "#texture", "cullface": "south"},
				"up": {"uv": [13, 3, 3, 0], "texture": "#side", "cullface": "up"},
				"down": {"uv": [3, 0, 13, 3], "texture": "#side"}
			}
		},
		{
			"from": [5, 12, 12.9999],
			"to": [11, 13, 15.9999],
			"faces": {
				"north": {"uv": [11, 12, 5, 13], "rotation": 180, "texture": "#texture"},
				"east": {"uv": [5, 12, 6, 13], "texture": "#texture"},
				"south": {"uv": [5, 12, 11, 13], "rotation": 180, "texture": "#texture", "cullface": "south"},
				"west": {"uv": [10, 12, 11, 13], "texture": "#texture"},
				"down": {"uv": [11, 12, 5, 13], "texture": "#texture"}
			}
		},
		{
			"from": [3, 3, 14],
			"to": [13, 13, 15],
			"faces": {
				"north": {"uv": [13, 3, 3, 13], "rotation": 180, "texture": "#texture"},
				"east": {"uv": [3, 14, 13, 15], "rotation": 270, "texture": "#texture"},
				"south": {"uv": [3, 3, 13, 13], "rotation": 180, "texture": "#texture", "cullface": "south"},
				"west": {"uv": [3, 14, 13, 15], "rotation": 90, "texture": "#texture"},
				"up": {"uv": [13, 15, 3, 14], "texture": "#texture"},
				"down": {"uv": [3, 14, 13, 15], "texture": "#texture"}
			}
		}
	]
}