{
	"credit": "Made with Blockbench by _GrandMagus_",
	"textures": {
		"particle": "block/cake_side",
		"bottom": "block/cake_bottom",
		"top": "block/cake_top",
		"side": "block/cake_side"
	},
	"elements": [
		{
			"from": [ 1, 0, 1 ],
			"to": [ 15, 8, 15 ],
			"faces": {
				"down": { "uv": [ 1, 1, 15, 15 ], "texture": "#bottom", "cullface": "down" },
				"up": { "uv": [ 1, 1, 15, 15 ], "texture": "#top" },
				"north": { "uv": [ 1, 8, 15, 16 ], "texture": "#side" },
				"south": { "uv": [ 1, 8, 15, 16 ], "texture": "#side" },
				"west": { "uv": [ 1, 8, 15, 16 ], "texture": "#side" },
				"east": { "uv": [ 1, 8, 15, 16 ], "texture": "#side" }
			}
		},
		{
			"from": [ 7, 8, 6 ],
			"to": [ 9, 9, 7 ],
			"faces": {
				"up": { "uv": [ 7, 6, 9, 7 ], "texture": "#top" },
				"north": { "uv": [ 7, 6, 9, 7 ], "texture": "#top" },
				"west": { "uv": [ 7, 6, 8, 7 ], "texture": "#top", "rotation": 270 },
				"east": { "uv": [ 8, 6, 9, 7 ], "texture": "#top", "rotation": 90 }
			}
		},
		{
			"from": [ 10, 8, 12 ],
			"to": [ 11, 9, 13 ],
			"faces": {
				"up": { "uv": [ 10, 12, 11, 13 ], "texture": "#top" },
				"north": { "uv": [ 11, 12, 10, 13 ], "texture": "#top" },
				"south": { "uv": [ 10, 12, 11, 13 ], "texture": "#top" },
				"west": { "uv": [ 10, 12, 11, 13 ], "texture": "#top", "rotation": 270 },
				"east": { "uv": [ 10, 12, 11, 13 ], "texture": "#top", "rotation": 90 }
			}
		},
		{
			"from": [ 3, 8, 11 ],
			"to": [ 5, 9, 13 ],
			"faces": {
				"up": { "uv": [ 3, 11, 5, 13 ], "texture": "#top" },
				"north": { "uv": [ 5, 11, 3, 12 ], "texture": "#top" },
				"south": { "uv": [ 3, 12, 5, 13 ], "texture": "#top" },
				"west": { "uv": [ 3, 11, 4, 13 ], "texture": "#top", "rotation": 270 },
				"east": { "uv": [ 4, 11, 5, 13 ], "texture": "#top", "rotation": 90 }
			}
		},
		{
			"from": [ 7, 9, 7 ],
			"to": [ 9, 10, 9 ],
			"faces": {
				"up": { "uv": [ 3, 11, 5, 13 ], "texture": "#top" },
				"north": { "uv": [ 9, 7, 7, 8 ], "texture": "#top" },
				"south": { "uv": [ 7, 8, 9, 9 ], "texture": "#top" },
				"west": { "uv": [ 7, 7, 8, 9 ], "texture": "#top", "rotation": 270 },
				"east": { "uv": [ 8, 7, 9, 9 ], "texture": "#top", "rotation": 90 }
			}
		},
		{
			"from": [ 6, 8, 7 ],
			"to": [ 7, 9, 9 ],
			"faces": {
				"up": { "uv": [ 6, 7, 7, 9 ], "texture": "#top" },
				"north": { "uv": [ 6, 7, 7, 8 ], "texture": "#top" },
				"south": { "uv": [ 6, 8, 7, 9 ], "texture": "#top" },
				"west": { "uv": [ 6, 7, 7, 9 ], "texture": "#top", "rotation": 270 }
			}
		},
		{
			"from": [ 9, 8, 7 ],
			"to": [ 10, 9, 9 ],
			"faces": {
				"up": { "uv": [ 9, 7, 10, 9 ], "texture": "#top" },
				"north": { "uv": [ 9, 7, 10, 8 ], "texture": "#top" },
				"south": { "uv": [ 9, 8, 10, 9 ], "texture": "#top" },
				"east": { "uv": [ 9, 7, 10, 9 ], "texture": "#top", "rotation": 90 }
			}
		},
		{
			"from": [ 7, 8, 9 ],
			"to": [ 9, 9, 10 ],
			"faces": {
				"up": { "uv": [ 7, 9, 9, 10 ], "texture": "#top" },
				"south": { "uv": [ 7, 9, 9, 10 ], "texture": "#top" },
				"west": { "uv": [ 7, 9, 8, 10 ], "texture": "#top", "rotation": 270 },
				"east": { "uv": [ 8, 9, 9, 10 ], "texture": "#top", "rotation": 90 }
			}
		},
		{
			"from": [ 4, 8, 3 ],
			"to": [ 6, 9, 5 ],
			"faces": {
				"up": { "uv": [ 4, 3, 6, 5 ], "texture": "#top" },
				"north": { "uv": [ 6, 3, 4, 4 ], "texture": "#top" },
				"south": { "uv": [ 4, 4, 6, 5 ], "texture": "#top" },
				"west": { "uv": [ 4, 3, 5, 5 ], "texture": "#top", "rotation": 270 },
				"east": { "uv": [ 5, 3, 6, 5 ], "texture": "#top", "rotation": 90 }
			}
		},
		{
			"from": [ 2, 8, 7 ],
			"to": [ 3, 8.5, 8 ],
			"faces": {
				"up": { "uv": [ 2, 7, 3, 8 ], "texture": "#top" },
				"north": { "uv": [ 3, 7, 2, 8 ], "texture": "#top" },
				"south": { "uv": [ 2, 7, 3, 8 ], "texture": "#top" },
				"west": { "uv": [ 2, 7, 3, 8 ], "texture": "#top", "rotation": 270 },
				"east": { "uv": [ 2, 7, 3, 8 ], "texture": "#top", "rotation": 90 }
			}
		},
		{
			"from": [ 11, 8, 5 ],
			"to": [ 12, 9, 6 ],
			"faces": {
				"up": { "uv": [ 11, 5, 12, 6 ], "texture": "#top" },
				"north": { "uv": [ 12, 5, 11, 6 ], "texture": "#top" },
				"south": { "uv": [ 11, 5, 12, 6 ], "texture": "#top" },
				"west": { "uv": [ 11, 5, 12, 6 ], "texture": "#top", "rotation": 270 },
				"east": { "uv": [ 11, 5, 12, 6 ], "texture": "#top", "rotation": 90 }
			}
		},
		{
			"from": [ 11, 8, 2 ],
			"to": [ 12, 8.5, 3 ],
			"faces": {
				"up": { "uv": [ 11, 2, 12, 3 ], "texture": "#top" },
				"north": { "uv": [ 12, 2, 11, 3 ], "texture": "#top" },
				"south": { "uv": [ 11, 2, 12, 3 ], "texture": "#top" },
				"west": { "uv": [ 11, 2, 12, 3 ], "texture": "#top", "rotation": 270 },
				"east": { "uv": [ 11, 2, 12, 3 ], "texture": "#top", "rotation": 90 }
			}
		},
		{
			"from": [ 13, 8, 9 ],
			"to": [ 14, 8.5, 10 ],
			"faces": {
				"up": { "uv": [ 13, 9, 14, 10 ], "texture": "#top" },
				"north": { "uv": [ 14, 9, 13, 10 ], "texture": "#top" },
				"south": { "uv": [ 13, 9, 14, 10 ], "texture": "#top" },
				"west": { "uv": [ 13, 9, 14, 10 ], "texture": "#top", "rotation": 270 },
				"east": { "uv": [ 13, 9, 14, 10 ], "texture": "#top", "rotation": 90 }
			}
		}
	]
}