{
	"credit": "Made with Blockbench",
	"parent": "block/door_bottom",
	"textures": {
		"particle": "block/crimson_door_bottom",
		"bottom": "block/crimson_door_bottom",
		"bottom_flipped": "block/crimson_door_bottom_flipped",
		"side": "block/crimson_door_bottom_sides"
	},
	"elements": [
		{
			"from": [0, 0, 0],
			"to": [3, 16, 16],
			"faces": {
				"north": {"uv": [3, 16, 6, 0], "texture": "#side", "cullface": "north"},
				"east": {"uv": [0, 0, 16, 16], "texture": "#bottom"},
				"south": {"uv": [0, 0, 3, 16], "texture": "#side", "cullface": "south"},
				"west": {"uv": [16, 0, 0, 16], "texture": "#bottom_flipped", "cullface": "west"},
				"down": {"uv": [6, 16, 9, 0], "texture": "#side", "cullface": "down"}
			}
		},
		{
			"from": [3, 6, 0],
			"to": [4, 11, 16],
			"faces": {
				"north": {"uv": [3, 5, 4, 10], "texture": "#side"},
				"east": {"uv": [16, 5, 0, 10], "texture": "#bottom_flipped"},
				"south": {"uv": [2, 5, 3, 10], "texture": "#side"},
				"up": {"uv": [16, 6, 0, 5], "rotation": 270, "texture": "#bottom_flipped"},
				"down": {"uv": [0, 9, 16, 10], "rotation": 270, "texture": "#bottom_flipped"}
			}
		},
		{
			"from": [-1, 6, 0],
			"to": [0, 11, 16],
			"faces": {
				"north": {"uv": [3, 5, 4, 10], "texture": "#side", "cullface": "west"},
				"south": {"uv": [2, 5, 3, 10], "texture": "#side", "cullface": "west"},
				"west": {"uv": [0, 5, 16, 10], "texture": "#bottom", "cullface": "west"},
				"up": {"uv": [0, 6, 16, 5], "rotation": 270, "texture": "#bottom", "cullface": "west"},
				"down": {"uv": [0, 9, 16, 10], "rotation": 270, "texture": "#bottom", "cullface": "west"}
			}
		}
	]
}