{
	"credit": "Made with Blockbench by _GrandMagus_",
	"parent": "block/template_trapdoor_bottom",
	"textures": {
		"particle": "block/dark_oak_trapdoor",
		"texture": "block/dark_oak_trapdoor",
		"side": "block/dark_oak_trapdoor_side"
	},
	"elements": [
		{
			"from": [0, 13, 0],
			"to": [16, 16, 16],
			"faces": {
				"north": {"uv": [0, 0, 16, 3], "texture": "#side", "cullface": "north"},
				"east": {"uv": [0, 0, 16, 3], "texture": "#side", "cullface": "east"},
				"south": {"uv": [16, 0, 0, 3], "texture": "#side", "cullface": "south"},
				"west": {"uv": [0, 0, 16, 3], "texture": "#side", "cullface": "west"},
				"up": {"uv": [0, 0, 16, 16], "rotation": 180, "texture": "#texture", "cullface": "up"},
				"down": {"uv": [0, 16, 16, 0], "rotation": 180, "texture": "#texture"}
			}
		}
	]
}