{
	"credit": "Made with Blockbench by _GrandMagus_",
	"parent": "block/block",
	"textures": {
		"particle": "block/dirt",
		"bottom": "block/dirt",
		"top": "block/grass_block_top",
		"side": "block/grass_block_side",
		"overlay": "block/grass_block_side_overlay",
		"stone": "block/stone"
	},
	"elements": [
		{
			"from": [0, 0, 0],
			"to": [16, 16, 16],
			"faces": {
				"north": {"uv": [0, 0, 16, 16], "texture": "#side", "cullface": "north"},
				"east": {"uv": [0, 0, 16, 16], "texture": "#side", "cullface": "east"},
				"south": {"uv": [0, 0, 16, 16], "texture": "#side", "cullface": "south"},
				"west": {"uv": [0, 0, 16, 16], "texture": "#side", "cullface": "west"},
				"up": {"uv": [0, 0, 16, 16], "texture": "#top", "cullface": "up", "tintindex": 0},
				"down": {"uv": [0, 0, 16, 16], "texture": "#bottom", "cullface": "down"}
			}
		},
		{
			"from": [0, 0, 0],
			"to": [16, 16, 16],
			"faces": {
				"north": {"uv": [0, 0, 16, 16], "texture": "#overlay", "cullface": "north", "tintindex": 0},
				"east": {"uv": [0, 0, 16, 16], "texture": "#overlay", "cullface": "east", "tintindex": 0},
				"south": {"uv": [0, 0, 16, 16], "texture": "#overlay", "cullface": "south", "tintindex": 0},
				"west": {"uv": [0, 0, 16, 16], "texture": "#overlay", "cullface": "west", "tintindex": 0}
			}
		},
		{
			"from": [3, 15.9, 9.5],
			"to": [7, 16.9, 12.5],
			"rotation": {"angle": 22.5, "axis": "y", "origin": [3, 16, 9.5]},
			"faces": {
				"north": {"uv": [11, 11, 15, 12], "texture": "#stone", "cullface": "up"},
				"east": {"uv": [14, 11, 15, 14], "rotation": 270, "texture": "#stone", "cullface": "up"},
				"south": {"uv": [11, 13, 15, 14], "texture": "#stone", "cullface": "up"},
				"west": {"uv": [11, 11, 12, 14], "rotation": 270, "texture": "#stone", "cullface": "up"},
				"up": {"uv": [11, 11, 15, 14], "texture": "#stone", "cullface": "up"}
			}
		}
	]
}