{
	"credit": "Made with Blockbench by _GrandMagus_",
	"parent": "block/block",
	"textures": {
		"particle": "block/dirt",
		"bottom": "block/dirt",
		"top": "block/grass_block_top",
		"side": "block/grass_block_side",
		"overlay": "block/grass_block_side_overlay",
		"stone": "block/stone"
	},
	"elements": [
		{
			"from": [0, 0, 0],
			"to": [16, 16, 16],
			"faces": {
				"north": {"uv": [0, 0, 16, 16], "texture": "#side", "cullface": "north"},
				"east": {"uv": [0, 0, 16, 16], "texture": "#side", "cullface": "east"},
				"south": {"uv": [0, 0, 16, 16], "texture": "#side", "cullface": "south"},
				"west": {"uv": [0, 0, 16, 16], "texture": "#side", "cullface": "west"},
				"up": {"uv": [0, 0, 16, 16], "texture": "#top", "cullface": "up", "tintindex": 0},
				"down": {"uv": [0, 0, 16, 16], "texture": "#bottom", "cullface": "down"}
			}
		},
		{
			"from": [0, 0, 0],
			"to": [16, 16, 16],
			"faces": {
				"north": {"uv": [0, 0, 16, 16], "texture": "#overlay", "cullface": "north", "tintindex": 0},
				"east": {"uv": [0, 0, 16, 16], "texture": "#overlay", "cullface": "east", "tintindex": 0},
				"south": {"uv": [0, 0, 16, 16], "texture": "#overlay", "cullface": "south", "tintindex": 0},
				"west": {"uv": [0, 0, 16, 16], "texture": "#overlay", "cullface": "west", "tintindex": 0}
			}
		},
		{
			"from": [7.0275, 16, 6.5],
			"to": [10.0275, 17.5, 8.5],
			"faces": {
				"north": {"uv": [6, 6, 7, 9], "rotation": 270, "texture": "#stone", "cullface": "up"},
				"east": {"uv": [5, 10, 7, 11], "texture": "#stone", "cullface": "up"},
				"south": {"uv": [9, 3, 10, 6], "rotation": 90, "texture": "#stone", "cullface": "up"},
				"west": {"uv": [5, 10, 7, 11], "texture": "#stone", "cullface": "up"},
				"up": {"uv": [7, 6, 10, 8], "texture": "#stone", "cullface": "up"}
			}
		},
		{
			"from": [6.5366, 15.9, 4.4117],
			"to": [10.5366, 16.9, 9.4117],
			"rotation": {"angle": 22.5, "axis": "y", "origin": [10.5, 16, 4.5]},
			"faces": {
				"north": {"uv": [7, 5, 8, 9], "rotation": 270, "texture": "#stone", "cullface": "up"},
				"east": {"uv": [7, 5, 12, 6], "texture": "#stone", "cullface": "up"},
				"south": {"uv": [11, 5, 12, 9], "rotation": 270, "texture": "#stone", "cullface": "up"},
				"west": {"uv": [7, 8, 12, 9], "texture": "#stone", "cullface": "up"},
				"up": {"uv": [6, 5, 11, 9], "rotation": 90, "texture": "#stone", "cullface": "up"}
			}
		}
	]
}