{
	"credit": "Made with Blockbench",
	"parent": "block/cube_top",
	"textures": {
		"top": "block/jukebox_top",
		"side": "block/jukebox_side",
		"disc": "block/jukebox_disc"
	},
	"elements": [
		{
			"from": [0, 0, 0],
			"to": [16, 16, 16],
			"faces": {
				"north": {"uv": [0, 0, 16, 16], "texture": "#side", "cullface": "north"},
				"east": {"uv": [0, 0, 16, 16], "texture": "#side", "cullface": "east"},
				"south": {"uv": [0, 0, 16, 16], "texture": "#side", "cullface": "south"},
				"west": {"uv": [0, 0, 16, 16], "texture": "#side", "cullface": "west"},
				"up": {"uv": [0, 0, 16, 16], "texture": "#top", "cullface": "up"},
				"down": {"uv": [0, 0, 16, 16], "texture": "#side", "cullface": "down"}
			}
		},
		{
			"from": [8, 18, 6],
			"to": [8.001, 19, 10],
			"faces": {
				"east": {"uv": [6, 11, 10, 12], "texture": "#disc", "cullface": "up"},
				"west": {"uv": [6, 11, 10, 12], "texture": "#disc", "cullface": "up"}
			}
		},
		{
			"from": [8, 16, 4],
			"to": [8.001, 17, 12],
			"faces": {
				"east": {"uv": [4, 13, 12, 14], "texture": "#disc", "cullface": "up"},
				"west": {"uv": [4, 13, 12, 14], "texture": "#disc", "cullface": "up"}
			}
		},
		{
			"from": [8, 17, 5],
			"to": [8.001, 18, 11],
			"faces": {
				"east": {"uv": [5, 12, 11, 13], "texture": "#disc", "cullface": "up"},
				"west": {"uv": [5, 12, 11, 13], "texture": "#disc", "cullface": "up"}
			}
		}
	]
}