{
	"credit": "Made with Blockbench",
	"parent": "block/template_orientable_trapdoor_bottom",
	"textures": {
		"texture": "biomesoplenty:block/cherry_trapdoor",
		"side": "biomesoplenty:block/cherry_trapdoor_side"
	},
	"elements": [
		{
			"from": [14, 0, 13],
			"to": [16, 16, 16],
			"rotation": {"angle": 0, "axis": "z", "origin": [8, 8, 14.5]},
			"faces": {
				"north": {"uv": [0, 16, 2, 0], "texture": "#texture"},
				"east": {"uv": [0, 0, 16, 3], "rotation": 270, "texture": "#side", "cullface": "east"},
				"south": {"uv": [0, 0, 2, 16], "rotation": 180, "texture": "#texture", "cullface": "south"},
				"west": {"uv": [0, 0, 1, 16], "rotation": 180, "texture": "#texture"},
				"up": {"uv": [0, 0, 2, 3], "rotation": 180, "texture": "#side", "cullface": "up"},
				"down": {"uv": [14, 0, 16, 3], "texture": "#side", "cullface": "down"}
			}
		},
		{
			"from": [9, 3, 13],
			"to": [12, 13, 16],
			"rotation": {"angle": 0, "axis": "z", "origin": [8, 8, 14.5]},
			"faces": {
				"north": {"uv": [4, 13, 7, 3], "texture": "#texture"},
				"east": {"uv": [4, 3, 5, 13], "rotation": 180, "texture": "#texture"},
				"south": {"uv": [4, 3, 7, 13], "rotation": 180, "texture": "#texture", "cullface": "south"},
				"west": {"uv": [6, 3, 7, 13], "rotation": 180, "texture": "#texture"}
			}
		},
		{
			"from": [4, 3, 13],
			"to": [7, 13, 16],
			"rotation": {"angle": 0, "axis": "z", "origin": [8, 8, 14.5]},
			"faces": {
				"north": {"uv": [9, 13, 12, 3], "texture": "#texture"},
				"east": {"uv": [9, 3, 10, 13], "rotation": 180, "texture": "#texture"},
				"south": {"uv": [9, 3, 12, 13], "rotation": 180, "texture": "#texture", "cullface": "south"},
				"west": {"uv": [11, 3, 12, 13], "rotation": 180, "texture": "#texture"}
			}
		},
		{
			"from": [2, 7, 13],
			"to": [14, 9, 16],
			"rotation": {"angle": 0, "axis": "z", "origin": [8, 8, 14.5]},
			"faces": {
				"north": {"uv": [2, 9, 14, 7], "texture": "#texture"},
				"east": {"uv": [9, 3, 10, 13], "rotation": 180, "texture": "#texture"},
				"south": {"uv": [2, 7, 14, 9], "rotation": 180, "texture": "#texture", "cullface": "south"},
				"west": {"uv": [11, 3, 12, 13], "rotation": 180, "texture": "#texture"},
				"up": {"uv": [2, 8, 14, 9], "rotation": 180, "texture": "#texture"},
				"down": {"uv": [2, 7, 14, 8], "texture": "#texture"}
			}
		},
		{
			"from": [0, 0, 13],
			"to": [2, 16, 16],
			"rotation": {"angle": 0, "axis": "z", "origin": [8, 8, 14.5]},
			"faces": {
				"north": {"uv": [14, 16, 16, 0], "texture": "#texture"},
				"east": {"uv": [14, 0, 15, 16], "rotation": 180, "texture": "#texture"},
				"south": {"uv": [14, 0, 16, 16], "rotation": 180, "texture": "#texture", "cullface": "south"},
				"west": {"uv": [0, 0, 16, 3], "rotation": 90, "texture": "#side", "cullface": "west"},
				"up": {"uv": [14, 0, 16, 3], "rotation": 180, "texture": "#side", "cullface": "up"},
				"down": {"uv": [0, 0, 2, 3], "texture": "#side", "cullface": "down"}
			}
		},
		{
			"from": [2, 0, 13],
			"to": [14, 3, 16],
			"rotation": {"angle": 0, "axis": "z", "origin": [8, 8, 14.5]},
			"faces": {
				"north": {"uv": [2, 3, 14, 0], "texture": "#texture"},
				"south": {"uv": [2, 0, 14, 3], "rotation": 180, "texture": "#texture", "cullface": "south"},
				"up": {"uv": [2, 2, 14, 3], "rotation": 180, "texture": "#texture"},
				"down": {"uv": [2, 0, 14, 3], "texture": "#side", "cullface": "down"}
			}
		},
		{
			"from": [2, 3, 14],
			"to": [14, 13, 15],
			"rotation": {"angle": 0, "axis": "z", "origin": [8, 8, 14.5]},
			"faces": {
				"north": {"uv": [2, 13, 14, 3], "texture": "#texture"},
				"south": {"uv": [2, 3, 14, 13], "rotation": 180, "texture": "#texture", "cullface": "south"}
			}
		},
		{
			"from": [2, 13, 13],
			"to": [14, 16, 16],
			"rotation": {"angle": 0, "axis": "z", "origin": [8, 8, 14.5]},
			"faces": {
				"north": {"uv": [2, 16, 14, 13], "texture": "#texture"},
				"south": {"uv": [2, 13, 14, 16], "rotation": 180, "texture": "#texture", "cullface": "south"},
				"up": {"uv": [2, 0, 14, 3], "rotation": 180, "texture": "#side", "cullface": "up"},
				"down": {"uv": [2, 13, 14, 14], "rotation": 180, "texture": "#texture"}
			}
		}
	]
}