{
	"credit": "Made with Blockbench",
	"parent": "block/template_orientable_trapdoor_bottom",
	"textures": {
		"texture": "biomesoplenty:block/dead_trapdoor",
		"side": "biomesoplenty:block/dead_trapdoor_side"
	},
	"elements": [
		{
			"from": [13, 0, 13],
			"to": [16, 16, 16],
			"rotation": {"angle": 0, "axis": "x", "origin": [8.5, 8.06667, 14.5]},
			"faces": {
				"north": {"uv": [0, 0, 3, 16], "texture": "#texture"},
				"east": {"uv": [0, 0, 16, 3], "rotation": 90, "texture": "#side", "cullface": "east"},
				"south": {"uv": [0, 16, 3, 0], "rotation": 180, "texture": "#texture", "cullface": "south"},
				"west": {"uv": [2, 0, 3, 16], "texture": "#texture"},
				"up": {"uv": [13, 0, 16, 3], "texture": "#side", "cullface": "up"},
				"down": {"uv": [0, 0, 3, 3], "rotation": 180, "texture": "#side", "cullface": "down"}
			}
		},
		{
			"from": [6, 3, 13],
			"to": [10, 13, 16],
			"rotation": {"angle": 0, "axis": "x", "origin": [8.5, 8.06667, 14.5]},
			"faces": {
				"north": {"uv": [6, 3, 10, 13], "texture": "#texture"},
				"east": {"uv": [6, 3, 7, 13], "texture": "#texture"},
				"south": {"uv": [6, 13, 10, 3], "rotation": 180, "texture": "#texture", "cullface": "south"},
				"west": {"uv": [9, 3, 10, 13], "texture": "#texture"}
			}
		},
		{
			"from": [4, 4, 13],
			"to": [6, 10, 16],
			"rotation": {"angle": 0, "axis": "x", "origin": [8.5, 8.06667, 14.5]},
			"faces": {
				"north": {"uv": [10, 6, 12, 12], "texture": "#texture"},
				"south": {"uv": [10, 12, 12, 6], "rotation": 180, "texture": "#texture", "cullface": "south"},
				"west": {"uv": [11, 6, 12, 12], "texture": "#texture"},
				"up": {"uv": [10, 6, 12, 7], "texture": "#texture"},
				"down": {"uv": [10, 11, 12, 12], "rotation": 180, "texture": "#texture"}
			}
		},
		{
			"from": [12, 6, 13],
			"to": [13, 10, 16],
			"rotation": {"angle": 0, "axis": "x", "origin": [8.5, 8.06667, 14.5]},
			"faces": {
				"north": {"uv": [3, 6, 4, 10], "texture": "#texture"},
				"south": {"uv": [3, 10, 4, 6], "rotation": 180, "texture": "#texture", "cullface": "south"},
				"west": {"uv": [3, 6, 4, 10], "texture": "#texture"},
				"up": {"uv": [3, 6, 4, 7], "texture": "#texture"},
				"down": {"uv": [3, 9, 4, 10], "rotation": 180, "texture": "#texture"}
			}
		},
		{
			"from": [3, 5, 13],
			"to": [4, 9, 16],
			"rotation": {"angle": 0, "axis": "x", "origin": [8.5, 8.06667, 14.5]},
			"faces": {
				"north": {"uv": [12, 7, 13, 11], "texture": "#texture"},
				"south": {"uv": [12, 11, 13, 7], "rotation": 180, "texture": "#texture", "cullface": "south"},
				"up": {"uv": [12, 7, 13, 8], "texture": "#texture"},
				"down": {"uv": [12, 10, 13, 11], "rotation": 180, "texture": "#texture"}
			}
		},
		{
			"from": [4, 3, 13],
			"to": [5, 4, 16],
			"rotation": {"angle": 0, "axis": "x", "origin": [8.5, 8.06667, 14.5]},
			"faces": {
				"north": {"uv": [11, 12, 12, 13], "texture": "#texture"},
				"south": {"uv": [11, 13, 12, 12], "rotation": 180, "texture": "#texture", "cullface": "south"},
				"west": {"uv": [11, 12, 12, 13], "texture": "#texture"}
			}
		},
		{
			"from": [5, 12, 13],
			"to": [6, 13, 16],
			"rotation": {"angle": 0, "axis": "x", "origin": [8.5, 8.06667, 14.5]},
			"faces": {
				"north": {"uv": [10, 3, 11, 4], "texture": "#texture"},
				"south": {"uv": [10, 4, 11, 3], "rotation": 180, "texture": "#texture", "cullface": "south"},
				"west": {"uv": [10, 3, 11, 4], "texture": "#texture"},
				"down": {"uv": [10, 3, 11, 4], "rotation": 180, "texture": "#texture"}
			}
		},
		{
			"from": [11, 11, 13],
			"to": [12, 13, 16],
			"rotation": {"angle": 0, "axis": "x", "origin": [8.5, 8.06667, 14.5]},
			"faces": {
				"north": {"uv": [4, 3, 5, 5], "texture": "#texture"},
				"east": {"uv": [4, 3, 5, 5], "texture": "#texture"},
				"south": {"uv": [4, 5, 5, 3], "rotation": 180, "texture": "#texture", "cullface": "south"},
				"west": {"uv": [4, 3, 5, 5], "texture": "#texture"},
				"down": {"uv": [4, 4, 5, 5], "rotation": 180, "texture": "#texture"}
			}
		},
		{
			"from": [10, 12, 13],
			"to": [11, 13, 16],
			"rotation": {"angle": 0, "axis": "x", "origin": [8.5, 8.06667, 14.5]},
			"faces": {
				"north": {"uv": [5, 3, 6, 4], "texture": "#texture"},
				"south": {"uv": [5, 4, 6, 3], "rotation": 180, "texture": "#texture", "cullface": "south"},
				"down": {"uv": [5, 3, 6, 4], "rotation": 180, "texture": "#texture"}
			}
		},
		{
			"from": [11, 8, 13],
			"to": [12, 9, 16],
			"rotation": {"angle": 0, "axis": "x", "origin": [8.5, 8.06667, 14.5]},
			"faces": {
				"north": {"uv": [4, 7, 5, 8], "texture": "#texture"},
				"south": {"uv": [4, 8, 5, 7], "rotation": 180, "texture": "#texture", "cullface": "south"},
				"west": {"uv": [4, 7, 5, 8], "texture": "#texture"},
				"up": {"uv": [4, 7, 5, 8], "texture": "#texture"},
				"down": {"uv": [4, 7, 5, 8], "rotation": 180, "texture": "#texture"}
			}
		},
		{
			"from": [11, 6, 13],
			"to": [12, 7, 16],
			"rotation": {"angle": 0, "axis": "x", "origin": [8.5, 8.06667, 14.5]},
			"faces": {
				"north": {"uv": [4, 9, 5, 10], "texture": "#texture"},
				"south": {"uv": [4, 10, 5, 9], "rotation": 180, "texture": "#texture", "cullface": "south"},
				"west": {"uv": [4, 9, 5, 10], "texture": "#texture"},
				"up": {"uv": [4, 9, 5, 10], "texture": "#texture"},
				"down": {"uv": [4, 9, 5, 10], "rotation": 180, "texture": "#texture"}
			}
		},
		{
			"from": [11, 3, 13],
			"to": [12, 4, 16],
			"rotation": {"angle": 0, "axis": "x", "origin": [8.5, 8.06667, 14.5]},
			"faces": {
				"north": {"uv": [4, 12, 5, 13], "texture": "#texture"},
				"east": {"uv": [4, 12, 5, 13], "texture": "#texture"},
				"south": {"uv": [4, 13, 5, 12], "rotation": 180, "texture": "#texture", "cullface": "south"},
				"west": {"uv": [4, 12, 5, 13], "texture": "#texture"},
				"up": {"uv": [4, 12, 5, 13], "texture": "#texture"}
			}
		},
		{
			"from": [0, 0, 13],
			"to": [3, 16, 16],
			"rotation": {"angle": 0, "axis": "x", "origin": [8.5, 8.06667, 14.5]},
			"faces": {
				"north": {"uv": [13, 0, 16, 16], "texture": "#texture"},
				"east": {"uv": [13, 0, 14, 16], "texture": "#texture"},
				"south": {"uv": [13, 16, 16, 0], "rotation": 180, "texture": "#texture", "cullface": "south"},
				"west": {"uv": [0, 0, 16, 3], "rotation": 270, "texture": "#side", "cullface": "west"},
				"up": {"uv": [0, 0, 3, 3], "texture": "#side", "cullface": "up"},
				"down": {"uv": [13, 0, 16, 3], "rotation": 180, "texture": "#side", "cullface": "down"}
			}
		},
		{
			"from": [3, 13, 13],
			"to": [13, 16, 16],
			"rotation": {"angle": 0, "axis": "x", "origin": [8.5, 8.06667, 14.5]},
			"faces": {
				"north": {"uv": [3, 0, 13, 3], "texture": "#texture"},
				"south": {"uv": [3, 3, 13, 0], "rotation": 180, "texture": "#texture", "cullface": "south"},
				"up": {"uv": [3, 0, 13, 3], "texture": "#side", "cullface": "up"},
				"down": {"uv": [3, 2, 13, 3], "rotation": 180, "texture": "#texture"}
			}
		},
		{
			"from": [3, 0, 13],
			"to": [13, 3, 16],
			"rotation": {"angle": 0, "axis": "x", "origin": [8.5, 8.06667, 14.5]},
			"faces": {
				"north": {"uv": [3, 13, 13, 16], "texture": "#texture"},
				"south": {"uv": [3, 16, 13, 13], "rotation": 180, "texture": "#texture", "cullface": "south"},
				"up": {"uv": [3, 13, 13, 14], "rotation": 180, "texture": "#texture"},
				"down": {"uv": [3, 0, 13, 3], "rotation": 180, "texture": "#side", "cullface": "down"}
			}
		}
	]
}