{
	"credit": "Made with Blockbench",
	"parent": "block/template_orientable_trapdoor_bottom",
	"textures": {
		"texture": "biomesoplenty:block/fir_trapdoor",
		"side": "biomesoplenty:block/fir_trapdoor_side"
	},
	"elements": [
		{
			"from": [0, 13, 0],
			"to": [4, 16, 16],
			"faces": {
				"north": {"uv": [12, 0, 16, 3], "texture": "#side", "cullface": "north"},
				"east": {"uv": [3, 0, 4, 16], "rotation": 90, "texture": "#texture"},
				"south": {"uv": [0, 0, 4, 3], "texture": "#side", "cullface": "south"},
				"west": {"uv": [0, 3, 16, 6], "texture": "#side", "cullface": "west"},
				"up": {"uv": [0, 0, 4, 16], "texture": "#texture", "cullface": "up"},
				"down": {"uv": [0, 16, 4, 0], "texture": "#texture"}
			}
		},
		{
			"from": [12, 13, 0],
			"to": [16, 16, 16],
			"faces": {
				"north": {"uv": [0, 0, 4, 3], "texture": "#side", "cullface": "north"},
				"east": {"uv": [0, 3, 16, 6], "texture": "#side", "cullface": "east"},
				"south": {"uv": [12, 0, 16, 3], "texture": "#side", "cullface": "south"},
				"west": {"uv": [12, 0, 13, 16], "rotation": 270, "texture": "#texture"},
				"up": {"uv": [12, 0, 16, 16], "texture": "#texture", "cullface": "up"},
				"down": {"uv": [12, 16, 16, 0], "texture": "#texture"}
			}
		},
		{
			"from": [10, 13, 10],
			"to": [12, 16, 16],
			"faces": {
				"north": {"uv": [12, 10, 10, 11], "texture": "#texture"},
				"south": {"uv": [10, 0, 12, 3], "texture": "#side", "cullface": "south"},
				"west": {"uv": [10, 10, 11, 16], "rotation": 270, "texture": "#texture"},
				"up": {"uv": [10, 10, 12, 16], "texture": "#texture", "cullface": "up"},
				"down": {"uv": [10, 16, 12, 10], "texture": "#texture"}
			}
		},
		{
			"from": [7, 13, 11],
			"to": [10, 16, 16],
			"faces": {
				"north": {"uv": [10, 11, 7, 12], "texture": "#texture"},
				"south": {"uv": [7, 0, 10, 3], "texture": "#side", "cullface": "south"},
				"up": {"uv": [7, 11, 10, 16], "texture": "#texture", "cullface": "up"},
				"down": {"uv": [7, 16, 10, 11], "texture": "#texture"}
			}
		},
		{
			"from": [4, 13, 9],
			"to": [7, 16, 16],
			"faces": {
				"north": {"uv": [7, 9, 4, 10], "texture": "#texture"},
				"east": {"uv": [6, 9, 7, 16], "rotation": 90, "texture": "#texture"},
				"south": {"uv": [4, 0, 7, 3], "texture": "#side", "cullface": "south"},
				"up": {"uv": [4, 9, 7, 16], "texture": "#texture", "cullface": "up"},
				"down": {"uv": [4, 16, 7, 9], "texture": "#texture"}
			}
		},
		{
			"from": [4, 13, 0],
			"to": [7, 16, 6],
			"faces": {
				"north": {"uv": [9, 0, 12, 3], "texture": "#side", "cullface": "north"},
				"south": {"uv": [4, 5, 7, 6], "texture": "#texture"},
				"up": {"uv": [4, 0, 7, 6], "texture": "#texture", "cullface": "up"},
				"down": {"uv": [4, 6, 7, 0], "texture": "#texture"}
			}
		},
		{
			"from": [10, 13, 0],
			"to": [12, 16, 5],
			"faces": {
				"north": {"uv": [4, 0, 6, 3], "texture": "#side", "cullface": "north"},
				"south": {"uv": [10, 4, 12, 5], "texture": "#texture"},
				"up": {"uv": [10, 0, 12, 5], "texture": "#texture", "cullface": "up"},
				"down": {"uv": [10, 5, 12, 0], "texture": "#texture"}
			}
		},
		{
			"from": [7, 13, 0],
			"to": [10, 16, 7],
			"faces": {
				"north": {"uv": [6, 0, 9, 3], "texture": "#side", "cullface": "north"},
				"east": {"uv": [9, 0, 10, 7], "rotation": 90, "texture": "#texture"},
				"south": {"uv": [4, 5, 7, 6], "texture": "#texture"},
				"west": {"uv": [7, 0, 8, 7], "rotation": 270, "texture": "#texture"},
				"up": {"uv": [7, 0, 10, 7], "texture": "#texture", "cullface": "up"},
				"down": {"uv": [7, 7, 10, 0], "texture": "#texture"}
			}
		}
	]
}