{
	"credit": "Made with Blockbench",
	"parent": "block/template_orientable_trapdoor_bottom",
	"textures": {
		"texture": "biomesoplenty:block/hellbark_trapdoor",
		"side": "biomesoplenty:block/hellbark_trapdoor_side"
	},
	"elements": [
		{
			"from": [13, 13, 0],
			"to": [16, 16, 16],
			"rotation": {"angle": 0, "axis": "y", "origin": [8, 1.5, 8]},
			"faces": {
				"north": {"uv": [0, 0, 3, 3], "texture": "#side", "cullface": "north"},
				"east": {"uv": [0, 0, 16, 3], "texture": "#side", "cullface": "east"},
				"south": {"uv": [13, 0, 16, 3], "texture": "#side", "cullface": "south"},
				"west": {"uv": [2, 0, 3, 16], "rotation": 90, "texture": "#texture"},
				"up": {"uv": [0, 0, 3, 16], "rotation": 180, "texture": "#texture", "cullface": "up"},
				"down": {"uv": [0, 16, 3, 0], "rotation": 180, "texture": "#texture"}
			}
		},
		{
			"from": [0, 13, 0],
			"to": [3, 16, 16],
			"rotation": {"angle": 0, "axis": "y", "origin": [8, 1.5, 8]},
			"faces": {
				"north": {"uv": [13, 0, 16, 3], "texture": "#side", "cullface": "north"},
				"east": {"uv": [14, 0, 15, 16], "rotation": 270, "texture": "#texture"},
				"south": {"uv": [0, 0, 3, 3], "texture": "#side", "cullface": "south"},
				"west": {"uv": [0, 0, 16, 3], "texture": "#side", "cullface": "west"},
				"up": {"uv": [13, 0, 16, 16], "rotation": 180, "texture": "#texture", "cullface": "up"},
				"down": {"uv": [13, 16, 16, 0], "rotation": 180, "texture": "#texture"}
			}
		},
		{
			"from": [3, 13, 13],
			"to": [13, 16, 16],
			"rotation": {"angle": 0, "axis": "y", "origin": [8, 1.5, 8]},
			"faces": {
				"north": {"uv": [3, 2, 13, 3], "texture": "#texture"},
				"south": {"uv": [3, 0, 13, 3], "texture": "#side", "cullface": "south"},
				"up": {"uv": [3, 0, 13, 3], "rotation": 180, "texture": "#texture", "cullface": "up"},
				"down": {"uv": [3, 3, 13, 0], "rotation": 180, "texture": "#texture"}
			}
		},
		{
			"from": [7, 13, 4],
			"to": [9, 16, 13],
			"rotation": {"angle": 0, "axis": "y", "origin": [8, 1.5, 8]},
			"faces": {
				"east": {"uv": [7, 3, 8, 12], "rotation": 270, "texture": "#texture"},
				"west": {"uv": [8, 3, 9, 12], "rotation": 90, "texture": "#texture"},
				"up": {"uv": [7, 3, 9, 12], "rotation": 180, "texture": "#texture", "cullface": "up"},
				"down": {"uv": [7, 12, 9, 3], "rotation": 180, "texture": "#texture"}
			}
		},
		{
			"from": [10, 13, 4],
			"to": [11, 16, 13],
			"rotation": {"angle": 0, "axis": "y", "origin": [8, 1.5, 8]},
			"faces": {
				"east": {"uv": [5, 3, 6, 12], "rotation": 270, "texture": "#texture"},
				"west": {"uv": [5, 3, 6, 12], "rotation": 90, "texture": "#texture"},
				"up": {"uv": [5, 3, 6, 12], "rotation": 180, "texture": "#texture", "cullface": "up"},
				"down": {"uv": [5, 12, 6, 3], "rotation": 180, "texture": "#texture"}
			}
		},
		{
			"from": [5, 13, 4],
			"to": [6, 16, 13],
			"rotation": {"angle": 0, "axis": "y", "origin": [8, 1.5, 8]},
			"faces": {
				"east": {"uv": [5, 3, 6, 12], "rotation": 270, "texture": "#texture"},
				"west": {"uv": [5, 3, 6, 12], "rotation": 90, "texture": "#texture"},
				"up": {"uv": [5, 3, 6, 12], "rotation": 180, "texture": "#texture", "cullface": "up"},
				"down": {"uv": [5, 12, 6, 3], "rotation": 180, "texture": "#texture"}
			}
		},
		{
			"from": [12, 13, 4],
			"to": [13, 16, 7],
			"rotation": {"angle": 0, "axis": "y", "origin": [8, 1.5, 8]},
			"faces": {
				"west": {"uv": [3, 9, 4, 12], "rotation": 90, "texture": "#texture"},
				"up": {"uv": [3, 9, 4, 12], "rotation": 180, "texture": "#texture", "cullface": "up"},
				"down": {"uv": [3, 12, 4, 9], "rotation": 180, "texture": "#texture"}
			}
		},
		{
			"from": [11, 13, 4],
			"to": [12, 16, 5],
			"rotation": {"angle": 0, "axis": "y", "origin": [8, 1.5, 8]},
			"faces": {
				"south": {"uv": [4, 11, 5, 12], "texture": "#texture"},
				"up": {"uv": [4, 11, 5, 12], "rotation": 180, "texture": "#texture", "cullface": "up"},
				"down": {"uv": [4, 12, 5, 11], "rotation": 180, "texture": "#texture"}
			}
		},
		{
			"from": [4, 13, 4],
			"to": [5, 16, 5],
			"rotation": {"angle": 0, "axis": "y", "origin": [8, 1.5, 8]},
			"faces": {
				"south": {"uv": [4, 11, 5, 12], "texture": "#texture"},
				"up": {"uv": [4, 11, 5, 12], "rotation": 180, "texture": "#texture", "cullface": "up"},
				"down": {"uv": [4, 12, 5, 11], "rotation": 180, "texture": "#texture"}
			}
		},
		{
			"from": [4, 13, 12],
			"to": [5, 16, 13],
			"rotation": {"angle": 0, "axis": "y", "origin": [8, 1.5, 8]},
			"faces": {
				"north": {"uv": [11, 3, 12, 4], "texture": "#texture"},
				"up": {"uv": [11, 3, 12, 4], "rotation": 180, "texture": "#texture", "cullface": "up"},
				"down": {"uv": [11, 4, 12, 3], "rotation": 180, "texture": "#texture"}
			}
		},
		{
			"from": [11, 13, 12],
			"to": [12, 16, 13],
			"rotation": {"angle": 0, "axis": "y", "origin": [8, 1.5, 8]},
			"faces": {
				"north": {"uv": [4, 3, 5, 4], "texture": "#texture"},
				"up": {"uv": [4, 3, 5, 4], "rotation": 180, "texture": "#texture", "cullface": "up"},
				"down": {"uv": [4, 4, 5, 3], "rotation": 180, "texture": "#texture"}
			}
		},
		{
			"from": [12, 13, 11],
			"to": [13, 16, 13],
			"rotation": {"angle": 0, "axis": "y", "origin": [8, 1.5, 8]},
			"faces": {
				"north": {"uv": [3, 4, 4, 5], "texture": "#texture"},
				"west": {"uv": [3, 3, 4, 5], "rotation": 90, "texture": "#texture"},
				"up": {"uv": [3, 3, 4, 5], "rotation": 180, "texture": "#texture", "cullface": "up"},
				"down": {"uv": [3, 5, 4, 3], "rotation": 180, "texture": "#texture"}
			}
		},
		{
			"from": [3, 13, 11],
			"to": [4, 16, 13],
			"rotation": {"angle": 0, "axis": "y", "origin": [8, 1.5, 8]},
			"faces": {
				"north": {"uv": [3, 4, 4, 5], "texture": "#texture"},
				"east": {"uv": [3, 3, 4, 5], "rotation": 270, "texture": "#texture"},
				"up": {"uv": [3, 3, 4, 5], "rotation": 180, "texture": "#texture", "cullface": "up"},
				"down": {"uv": [3, 5, 4, 3], "rotation": 180, "texture": "#texture"}
			}
		},
		{
			"from": [3, 13, 4],
			"to": [4, 16, 7],
			"rotation": {"angle": 0, "axis": "y", "origin": [8, 1.5, 8]},
			"faces": {
				"east": {"uv": [12, 9, 13, 12], "rotation": 270, "texture": "#texture"},
				"up": {"uv": [12, 9, 13, 12], "rotation": 180, "texture": "#texture", "cullface": "up"},
				"down": {"uv": [12, 12, 13, 9], "rotation": 180, "texture": "#texture"}
			}
		},
		{
			"from": [3, 13, 0],
			"to": [13, 16, 4],
			"rotation": {"angle": 0, "axis": "y", "origin": [8, 1.5, 8]},
			"faces": {
				"north": {"uv": [3, 0, 13, 3], "texture": "#side", "cullface": "north"},
				"south": {"uv": [3, 12, 13, 13], "rotation": 180, "texture": "#texture"},
				"up": {"uv": [3, 12, 13, 16], "rotation": 180, "texture": "#texture", "cullface": "up"},
				"down": {"uv": [3, 16, 13, 12], "rotation": 180, "texture": "#texture"}
			}
		},
		{
			"from": [3, 13, 7],
			"to": [13, 16, 9],
			"rotation": {"angle": 0, "axis": "y", "origin": [8, 1.5, 8]},
			"faces": {
				"north": {"uv": [3, 8, 13, 9], "texture": "#texture"},
				"south": {"uv": [3, 7, 13, 8], "rotation": 180, "texture": "#texture"},
				"up": {"uv": [3, 7, 13, 9], "rotation": 180, "texture": "#texture", "cullface": "up"},
				"down": {"uv": [3, 9, 13, 7], "rotation": 180, "texture": "#texture"}
			}
		}
	]
}