{
	"credit": "Made with Blockbench",
	"parent": "block/template_orientable_trapdoor_bottom",
	"textures": {
		"texture": "biomesoplenty:block/jacaranda_trapdoor",
		"side": "biomesoplenty:block/jacaranda_trapdoor_side"
	},
	"elements": [
		{
			"from": [14, 0, 13],
			"to": [16, 16, 16],
			"faces": {
				"north": {"uv": [0, 0, 2, 16], "texture": "#texture"},
				"east": {"uv": [0, 0, 16, 3], "rotation": 270, "texture": "#side", "cullface": "east"},
				"south": {"uv": [2, 0, 0, 16], "texture": "#texture", "cullface": "south"},
				"west": {"uv": [16, 0, 0, 3], "rotation": 90, "texture": "#side"},
				"up": {"uv": [0, 0, 2, 3], "rotation": 180, "texture": "#side", "cullface": "up"},
				"down": {"uv": [14, 0, 16, 3], "texture": "#side", "cullface": "down"}
			}
		},
		{
			"from": [0, 0, 13],
			"to": [2, 16, 16],
			"faces": {
				"north": {"uv": [14, 0, 16, 16], "texture": "#texture"},
				"east": {"uv": [0, 0, 16, 3], "rotation": 270, "texture": "#side"},
				"south": {"uv": [16, 0, 14, 16], "texture": "#texture", "cullface": "south"},
				"west": {"uv": [0, 0, 16, 3], "rotation": 90, "texture": "#side", "cullface": "west"},
				"up": {"uv": [14, 0, 16, 3], "rotation": 180, "texture": "#side", "cullface": "up"},
				"down": {"uv": [0, 0, 2, 3], "texture": "#side", "cullface": "down"}
			}
		},
		{
			"from": [2, 0, 13],
			"to": [14, 2, 16],
			"faces": {
				"north": {"uv": [2, 14, 14, 16], "texture": "#texture"},
				"south": {"uv": [2, 14, 14, 16], "texture": "#texture", "cullface": "south"},
				"up": {"uv": [2, 0, 14, 3], "rotation": 180, "texture": "#side"},
				"down": {"uv": [2, 0, 14, 3], "texture": "#side", "cullface": "down"}
			}
		},
		{
			"from": [2, 14, 13],
			"to": [14, 16, 16],
			"faces": {
				"north": {"uv": [2, 0, 14, 2], "texture": "#texture"},
				"south": {"uv": [2, 0, 14, 2], "texture": "#texture", "cullface": "south"},
				"up": {"uv": [2, 0, 14, 3], "rotation": 180, "texture": "#side", "cullface": "up"},
				"down": {"uv": [2, 0, 14, 3], "texture": "#side"}
			}
		},
		{
			"from": [2, 2, 14],
			"to": [14, 14, 15],
			"faces": {
				"north": {"uv": [2, 2, 14, 14], "texture": "#texture"},
				"south": {"uv": [2, 2, 14, 14], "texture": "#texture", "cullface": "south"}
			}
		}
	]
}