{
    "credit": "Made with Blockbench by _GrandMagus_",
    "textures": {
        "particle": "biomesoplenty:block/jacaranda_door_top",
        "top": "biomesoplenty:block/jacaranda_door_top",
        "side": "biomesoplenty:block/jacaranda_door_top_sides",
        "top_flipped": "biomesoplenty:block/jacaranda_door_top_flipped"
    },
    "elements": [
        {
            "from": [
                3.0,
                0,
                16
            ],
            "to": [
                0.0,
                13,
                13
            ],
            "faces": {
                "north": {
                    "uv": [
                        0,
                        3,
                        3,
                        16
                    ],
                    "texture": "#side",
                    "cullface": "south"
                },
                "east": {
                    "uv": [
                        13,
                        3,
                        16,
                        16
                    ],
                    "texture": "#top_flipped",
                    "cullface": "west"
                },
                "south": {
                    "uv": [
                        2,
                        3,
                        3,
                        16
                    ],
                    "texture": "#top"
                },
                "west": {
                    "uv": [
                        0,
                        3,
                        3,
                        16
                    ],
                    "texture": "#top",
                    "cullface": "east"
                }
            }
        },
        {
            "from": [
                3.0,
                0,
                3
            ],
            "to": [
                0.0,
                13,
                0
            ],
            "faces": {
                "north": {
                    "uv": [
                        13,
                        3,
                        14,
                        16
                    ],
                    "texture": "#top"
                },
                "east": {
                    "uv": [
                        0,
                        3,
                        3,
                        16
                    ],
                    "texture": "#top_flipped",
                    "cullface": "west"
                },
                "south": {
                    "uv": [
                        3,
                        3,
                        6,
                        16
                    ],
                    "texture": "#side",
                    "cullface": "north"
                },
                "west": {
                    "uv": [
                        13,
                        3,
                        16,
                        16
                    ],
                    "texture": "#top",
                    "cullface": "east"
                }
            }
        },
        {
            "from": [
                3.0,
                1,
                5
            ],
            "to": [
                0.0,
                2,
                3
            ],
            "faces": {
                "north": {
                    "uv": [
                        4,
                        14,
                        5,
                        15
                    ],
                    "texture": "#top_flipped"
                },
                "east": {
                    "uv": [
                        5,
                        14,
                        3,
                        15
                    ],
                    "texture": "#top_flipped",
                    "cullface": "west"
                },
                "west": {
                    "uv": [
                        3,
                        14,
                        5,
                        15
                    ],
                    "texture": "#top_flipped",
                    "cullface": "east"
                },
                "up": {
                    "uv": [
                        3,
                        14,
                        5,
                        15
                    ],
                    "rotation": 90,
                    "texture": "#top_flipped"
                },
                "down": {
                    "uv": [
                        3,
                        14,
                        5,
                        15
                    ],
                    "rotation": 90,
                    "texture": "#top_flipped"
                }
            }
        },
        {
            "from": [
                3.0,
                0,
                5
            ],
            "to": [
                0.0,
                1,
                4
            ],
            "rotation": {
                "angle": 0,
                "axis": "y",
                "origin": [
                    0,
                    -1,
                    0
                ]
            },
            "faces": {
                "north": {
                    "uv": [
                        11,
                        15,
                        12,
                        16
                    ],
                    "texture": "#top"
                },
                "east": {
                    "uv": [
                        5,
                        15,
                        4,
                        16
                    ],
                    "texture": "#top_flipped",
                    "cullface": "west"
                },
                "south": {
                    "uv": [
                        11,
                        15,
                        12,
                        16
                    ],
                    "texture": "#top",
                    "cullface": "north"
                },
                "west": {
                    "uv": [
                        4,
                        15,
                        5,
                        16
                    ],
                    "texture": "#top_flipped",
                    "cullface": "east"
                },
                "down": {
                    "uv": [
                        4,
                        15,
                        5,
                        16
                    ],
                    "rotation": 90,
                    "texture": "#top_flipped"
                }
            }
        },
        {
            "from": [
                3.0,
                13,
                16
            ],
            "to": [
                0.0,
                16,
                0
            ],
            "faces": {
                "north": {
                    "uv": [
                        0,
                        0,
                        3,
                        3
                    ],
                    "texture": "#side",
                    "cullface": "south"
                },
                "east": {
                    "uv": [
                        0,
                        0,
                        16,
                        3
                    ],
                    "texture": "#top_flipped",
                    "cullface": "west"
                },
                "south": {
                    "uv": [
                        3,
                        0,
                        6,
                        3
                    ],
                    "texture": "#side",
                    "cullface": "north"
                },
                "west": {
                    "uv": [
                        0,
                        0,
                        16,
                        3
                    ],
                    "texture": "#top",
                    "cullface": "east"
                },
                "up": {
                    "uv": [
                        9,
                        0,
                        6,
                        16
                    ],
                    "rotation": 180,
                    "texture": "#side",
                    "cullface": "up"
                },
                "down": {
                    "uv": [
                        16,
                        2,
                        0,
                        3
                    ],
                    "rotation": 90,
                    "texture": "#top"
                }
            }
        },
        {
            "from": [
                2.0,
                0,
                13
            ],
            "to": [
                1.0,
                13,
                3
            ],
            "faces": {
                "east": {
                    "uv": [
                        3,
                        3,
                        13,
                        16
                    ],
                    "texture": "#top_flipped",
                    "cullface": "west"
                },
                "west": {
                    "uv": [
                        3,
                        3,
                        13,
                        16
                    ],
                    "texture": "#top",
                    "cullface": "east"
                }
            }
        }
    ]
}