{
    "credit": "Made with Blockbench by _GrandMagus_",
    "textures": {
        "side": "biomesoplenty:block/jacaranda_door_bottom_sides",
        "bottom": "biomesoplenty:block/jacaranda_door_bottom",
        "particle": "biomesoplenty:block/jacaranda_door_bottom_flipped",
        "bottom_flipped": "biomesoplenty:block/jacaranda_door_bottom_flipped"
    },
    "elements": [
        {
            "from": [
                0.0,
                0,
                0
            ],
            "to": [
                3.0,
                3,
                16
            ],
            "faces": {
                "north": {
                    "uv": [
                        0,
                        13,
                        3,
                        16
                    ],
                    "texture": "#side",
                    "cullface": "north"
                },
                "west": {
                    "uv": [
                        0,
                        13,
                        16,
                        16
                    ],
                    "texture": "#bottom",
                    "cullface": "west"
                },
                "south": {
                    "uv": [
                        3,
                        13,
                        6,
                        16
                    ],
                    "texture": "#side",
                    "cullface": "south"
                },
                "east": {
                    "uv": [
                        0,
                        13,
                        16,
                        16
                    ],
                    "texture": "#bottom_flipped",
                    "cullface": "east"
                },
                "up": {
                    "uv": [
                        16,
                        13,
                        0,
                        14
                    ],
                    "rotation": 90,
                    "texture": "#bottom_flipped"
                },
                "down": {
                    "uv": [
                        6,
                        0,
                        9,
                        16
                    ],
                    "texture": "#side",
                    "cullface": "down"
                }
            }
        },
        {
            "from": [
                0.0,
                3,
                0
            ],
            "to": [
                3.0,
                16,
                3
            ],
            "faces": {
                "north": {
                    "uv": [
                        0,
                        0,
                        3,
                        13
                    ],
                    "texture": "#side",
                    "cullface": "north"
                },
                "west": {
                    "uv": [
                        0,
                        0,
                        3,
                        13
                    ],
                    "texture": "#bottom",
                    "cullface": "west"
                },
                "south": {
                    "uv": [
                        14,
                        0,
                        13,
                        13
                    ],
                    "texture": "#bottom_flipped"
                },
                "east": {
                    "uv": [
                        13,
                        0,
                        16,
                        13
                    ],
                    "texture": "#bottom_flipped",
                    "cullface": "east"
                }
            }
        },
        {
            "from": [
                0.0,
                3,
                13
            ],
            "to": [
                3.0,
                16,
                16
            ],
            "faces": {
                "north": {
                    "uv": [
                        3,
                        0,
                        2,
                        13
                    ],
                    "texture": "#bottom_flipped"
                },
                "west": {
                    "uv": [
                        13,
                        0,
                        16,
                        13
                    ],
                    "texture": "#bottom",
                    "cullface": "west"
                },
                "south": {
                    "uv": [
                        3,
                        0,
                        6,
                        13
                    ],
                    "texture": "#side",
                    "cullface": "south"
                },
                "east": {
                    "uv": [
                        0,
                        0,
                        3,
                        13
                    ],
                    "texture": "#bottom_flipped",
                    "cullface": "east"
                }
            }
        },
        {
            "from": [
                1.0,
                3,
                3
            ],
            "to": [
                2.0,
                16,
                13
            ],
            "faces": {
                "west": {
                    "uv": [
                        3,
                        0,
                        13,
                        13
                    ],
                    "texture": "#bottom_flipped",
                    "cullface": "west"
                },
                "east": {
                    "uv": [
                        3,
                        0,
                        13,
                        13
                    ],
                    "texture": "#bottom_flipped",
                    "cullface": "east"
                }
            }
        }
    ]
}