{
	"credit": "Made with Blockbench",
	"parent": "block/template_orientable_trapdoor_bottom",
	"textures": {
		"texture": "biomesoplenty:block/jacaranda_trapdoor",
		"side": "biomesoplenty:block/jacaranda_trapdoor_side"
	},
	"elements": [
		{
			"from": [14, 13, 0],
			"to": [16, 16, 16],
			"faces": {
				"north": {"uv": [0, 0, 2, 3], "texture": "#side", "cullface": "north"},
				"east": {"uv": [0, 0, 16, 3], "texture": "#side", "cullface": "east"},
				"south": {"uv": [14, 0, 16, 3], "texture": "#side", "cullface": "south"},
				"west": {"uv": [16, 0, 0, 3], "texture": "#side"},
				"up": {"uv": [0, 0, 2, 16], "rotation": 180, "texture": "#texture", "cullface": "up"},
				"down": {"uv": [0, 16, 2, 0], "rotation": 180, "texture": "#texture"}
			}
		},
		{
			"from": [0, 13, 0],
			"to": [2, 16, 16],
			"faces": {
				"north": {"uv": [14, 0, 16, 3], "texture": "#side", "cullface": "north"},
				"east": {"uv": [0, 0, 16, 3], "texture": "#side"},
				"south": {"uv": [0, 0, 2, 3], "texture": "#side", "cullface": "south"},
				"west": {"uv": [0, 0, 16, 3], "texture": "#side", "cullface": "west"},
				"up": {"uv": [14, 0, 16, 16], "rotation": 180, "texture": "#texture", "cullface": "up"},
				"down": {"uv": [14, 16, 16, 0], "rotation": 180, "texture": "#texture"}
			}
		},
		{
			"from": [2, 13, 14],
			"to": [14, 16, 16],
			"faces": {
				"north": {"uv": [2, 0, 14, 3], "texture": "#side"},
				"south": {"uv": [2, 0, 14, 3], "texture": "#side", "cullface": "south"},
				"up": {"uv": [2, 0, 14, 2], "rotation": 180, "texture": "#texture", "cullface": "up"},
				"down": {"uv": [2, 2, 14, 0], "rotation": 180, "texture": "#texture"}
			}
		},
		{
			"from": [2, 13, 0],
			"to": [14, 16, 2],
			"faces": {
				"north": {"uv": [2, 0, 14, 3], "texture": "#side", "cullface": "north"},
				"south": {"uv": [2, 0, 14, 3], "texture": "#side"},
				"up": {"uv": [2, 14, 14, 16], "rotation": 180, "texture": "#texture", "cullface": "up"},
				"down": {"uv": [2, 16, 14, 14], "rotation": 180, "texture": "#texture"}
			}
		},
		{
			"from": [2, 14, 2],
			"to": [14, 15, 14],
			"faces": {
				"up": {"uv": [2, 2, 14, 14], "rotation": 180, "texture": "#texture", "cullface": "up"},
				"down": {"uv": [2, 14, 14, 2], "rotation": 180, "texture": "#texture"}
			}
		}
	]
}