{
    "credit": "Made with Blockbench by _GrandMagus_",
    "parent": "minecraft:block/spruce_door_top_left",
    "textures": {
        "particle": "biomesoplenty:block/magic_door_top",
        "top": "biomesoplenty:block/magic_door_top",
        "side": "biomesoplenty:block/magic_door_top_sides",
        "top_flipped": "biomesoplenty:block/magic_door_top_flipped"
    },
    "elements": [
        {
            "from": [
                0,
                3,
                0
            ],
            "to": [
                3,
                16,
                16
            ],
            "faces": {
                "north": {
                    "uv": [
                        3,
                        0,
                        0,
                        13
                    ],
                    "texture": "#side",
                    "cullface": "north"
                },
                "east": {
                    "uv": [
                        0,
                        0,
                        16,
                        13
                    ],
                    "texture": "#top_flipped"
                },
                "south": {
                    "uv": [
                        6,
                        0,
                        3,
                        13
                    ],
                    "texture": "#side",
                    "cullface": "south"
                },
                "west": {
                    "uv": [
                        0,
                        0,
                        16,
                        13
                    ],
                    "texture": "#top",
                    "cullface": "west"
                },
                "up": {
                    "uv": [
                        6,
                        0,
                        9,
                        16
                    ],
                    "texture": "#side",
                    "cullface": "up"
                },
                "down": {
                    "uv": [
                        3,
                        0,
                        6,
                        16
                    ],
                    "texture": "#side"
                }
            }
        },
        {
            "from": [
                0,
                0,
                11
            ],
            "to": [
                3,
                3,
                16
            ],
            "rotation": {
                "angle": 0,
                "axis": "y",
                "origin": [
                    0,
                    -13,
                    0
                ]
            },
            "faces": {
                "north": {
                    "uv": [
                        6,
                        0,
                        3,
                        3
                    ],
                    "texture": "#side"
                },
                "east": {
                    "uv": [
                        0,
                        13,
                        5,
                        16
                    ],
                    "texture": "#top_flipped"
                },
                "south": {
                    "uv": [
                        6,
                        13,
                        3,
                        16
                    ],
                    "texture": "#side",
                    "cullface": "south"
                },
                "west": {
                    "uv": [
                        11,
                        13,
                        16,
                        16
                    ],
                    "texture": "#top",
                    "cullface": "west"
                }
            }
        },
        {
            "from": [
                0,
                1,
                10
            ],
            "to": [
                3,
                2,
                11
            ],
            "rotation": {
                "angle": 0,
                "axis": "y",
                "origin": [
                    0,
                    -14,
                    11
                ]
            },
            "faces": {
                "north": {
                    "uv": [
                        6,
                        0,
                        3,
                        1
                    ],
                    "texture": "#side"
                },
                "east": {
                    "uv": [
                        5,
                        14,
                        6,
                        15
                    ],
                    "texture": "#top_flipped"
                },
                "west": {
                    "uv": [
                        10,
                        14,
                        11,
                        15
                    ],
                    "texture": "#top",
                    "cullface": "west"
                },
                "down": {
                    "uv": [
                        3,
                        0,
                        6,
                        1
                    ],
                    "texture": "#side"
                }
            }
        },
        {
            "from": [
                0,
                2,
                9
            ],
            "to": [
                3,
                3,
                11
            ],
            "rotation": {
                "angle": 0,
                "axis": "y",
                "origin": [
                    0,
                    -13,
                    10
                ]
            },
            "faces": {
                "north": {
                    "uv": [
                        6,
                        0,
                        3,
                        1
                    ],
                    "texture": "#side"
                },
                "east": {
                    "uv": [
                        5,
                        13,
                        7,
                        14
                    ],
                    "texture": "#top_flipped"
                },
                "west": {
                    "uv": [
                        9,
                        13,
                        11,
                        14
                    ],
                    "texture": "#top",
                    "cullface": "west"
                },
                "down": {
                    "uv": [
                        3,
                        0,
                        6,
                        2
                    ],
                    "texture": "#side"
                }
            }
        },
        {
            "from": [
                0,
                2,
                5
            ],
            "to": [
                3,
                3,
                7
            ],
            "rotation": {
                "angle": 0,
                "axis": "y",
                "origin": [
                    0,
                    -13,
                    6
                ]
            },
            "faces": {
                "east": {
                    "uv": [
                        9,
                        13,
                        11,
                        14
                    ],
                    "texture": "#top_flipped"
                },
                "south": {
                    "uv": [
                        6,
                        0,
                        3,
                        1
                    ],
                    "texture": "#side"
                },
                "west": {
                    "uv": [
                        5,
                        13,
                        7,
                        14
                    ],
                    "texture": "#top",
                    "cullface": "west"
                },
                "down": {
                    "uv": [
                        3,
                        0,
                        6,
                        2
                    ],
                    "texture": "#side"
                }
            }
        },
        {
            "from": [
                0,
                1,
                5
            ],
            "to": [
                3,
                2,
                6
            ],
            "rotation": {
                "angle": 0,
                "axis": "y",
                "origin": [
                    0,
                    -14,
                    6
                ]
            },
            "faces": {
                "east": {
                    "uv": [
                        10,
                        14,
                        11,
                        15
                    ],
                    "texture": "#top_flipped"
                },
                "south": {
                    "uv": [
                        6,
                        0,
                        3,
                        1
                    ],
                    "texture": "#side"
                },
                "west": {
                    "uv": [
                        5,
                        14,
                        6,
                        15
                    ],
                    "texture": "#top",
                    "cullface": "west"
                },
                "down": {
                    "uv": [
                        3,
                        0,
                        6,
                        1
                    ],
                    "texture": "#side"
                }
            }
        },
        {
            "from": [
                0,
                0,
                0
            ],
            "to": [
                3,
                3,
                5
            ],
            "rotation": {
                "angle": 0,
                "axis": "y",
                "origin": [
                    0,
                    -13,
                    0
                ]
            },
            "faces": {
                "north": {
                    "uv": [
                        3,
                        13,
                        0,
                        16
                    ],
                    "texture": "#side",
                    "cullface": "north"
                },
                "east": {
                    "uv": [
                        11,
                        13,
                        16,
                        16
                    ],
                    "texture": "#top_flipped"
                },
                "south": {
                    "uv": [
                        6,
                        0,
                        3,
                        3
                    ],
                    "texture": "#side"
                },
                "west": {
                    "uv": [
                        0,
                        13,
                        5,
                        16
                    ],
                    "texture": "#top",
                    "cullface": "west"
                }
            }
        }
    ]
}