{
    "credit": "Made with Blockbench by _GrandMagus_",
    "parent": "minecraft:block/spruce_door_bottom_left",
    "textures": {
        "particle": "biomesoplenty:block/magic_door_bottom",
        "bottom": "biomesoplenty:block/magic_door_bottom",
        "side": "biomesoplenty:block/magic_door_bottom_sides",
        "bottom_flipped": "biomesoplenty:block/magic_door_bottom_flipped"
    },
    "elements": [
        {
            "from": [
                3.0,
                13,
                5
            ],
            "to": [
                0.0,
                16,
                0
            ],
            "faces": {
                "north": {
                    "uv": [
                        6,
                        0,
                        3,
                        3
                    ],
                    "texture": "#side"
                },
                "east": {
                    "uv": [
                        0,
                        0,
                        5,
                        3
                    ],
                    "texture": "#bottom_flipped",
                    "cullface": "west"
                },
                "south": {
                    "uv": [
                        6,
                        0,
                        3,
                        3
                    ],
                    "texture": "#side",
                    "cullface": "north"
                },
                "west": {
                    "uv": [
                        11,
                        0,
                        16,
                        3
                    ],
                    "texture": "#bottom",
                    "cullface": "east"
                },
                "down": {
                    "uv": [
                        6,
                        0,
                        9,
                        16
                    ],
                    "texture": "#side",
                    "cullface": "down"
                }
            }
        },
        {
            "from": [
                3.0,
                13,
                16
            ],
            "to": [
                0.0,
                16,
                11
            ],
            "faces": {
                "north": {
                    "uv": [
                        3,
                        0,
                        0,
                        3
                    ],
                    "texture": "#side",
                    "cullface": "south"
                },
                "east": {
                    "uv": [
                        11,
                        0,
                        16,
                        3
                    ],
                    "texture": "#bottom_flipped",
                    "cullface": "west"
                },
                "south": {
                    "uv": [
                        6,
                        0,
                        3,
                        3
                    ],
                    "texture": "#side"
                },
                "west": {
                    "uv": [
                        0,
                        0,
                        5,
                        3
                    ],
                    "texture": "#bottom",
                    "cullface": "east"
                },
                "down": {
                    "uv": [
                        6,
                        0,
                        9,
                        16
                    ],
                    "texture": "#side",
                    "cullface": "down"
                }
            }
        },
        {
            "from": [
                3.0,
                0,
                16
            ],
            "to": [
                0.0,
                13,
                0
            ],
            "rotation": {
                "angle": 0,
                "axis": "y",
                "origin": [
                    0,
                    0,
                    3
                ]
            },
            "faces": {
                "north": {
                    "uv": [
                        3,
                        3,
                        0,
                        16
                    ],
                    "texture": "#side",
                    "cullface": "south"
                },
                "east": {
                    "uv": [
                        0,
                        3,
                        16,
                        16
                    ],
                    "texture": "#bottom_flipped",
                    "cullface": "west"
                },
                "south": {
                    "uv": [
                        6,
                        3,
                        3,
                        16
                    ],
                    "texture": "#side",
                    "cullface": "north"
                },
                "west": {
                    "uv": [
                        0,
                        3,
                        16,
                        16
                    ],
                    "texture": "#bottom",
                    "cullface": "east"
                },
                "up": {
                    "uv": [
                        6,
                        0,
                        3,
                        16
                    ],
                    "texture": "#side"
                },
                "down": {
                    "uv": [
                        6,
                        0,
                        9,
                        16
                    ],
                    "texture": "#side",
                    "cullface": "down"
                }
            }
        },
        {
            "from": [
                3.0,
                13,
                11
            ],
            "to": [
                0.0,
                14,
                9
            ],
            "rotation": {
                "angle": 0,
                "axis": "y",
                "origin": [
                    0,
                    -2,
                    6
                ]
            },
            "faces": {
                "east": {
                    "uv": [
                        9,
                        2,
                        11,
                        3
                    ],
                    "texture": "#bottom_flipped",
                    "cullface": "west"
                },
                "south": {
                    "uv": [
                        6,
                        0,
                        3,
                        1
                    ],
                    "texture": "#side"
                },
                "west": {
                    "uv": [
                        5,
                        2,
                        7,
                        3
                    ],
                    "texture": "#bottom",
                    "cullface": "east"
                },
                "up": {
                    "uv": [
                        6,
                        0,
                        3,
                        2
                    ],
                    "texture": "#side"
                }
            }
        },
        {
            "from": [
                3.0,
                14,
                11
            ],
            "to": [
                0.0,
                15,
                10
            ],
            "rotation": {
                "angle": 0,
                "axis": "y",
                "origin": [
                    0,
                    -1,
                    6
                ]
            },
            "faces": {
                "east": {
                    "uv": [
                        10,
                        1,
                        11,
                        2
                    ],
                    "texture": "#bottom_flipped",
                    "cullface": "west"
                },
                "south": {
                    "uv": [
                        6,
                        0,
                        3,
                        1
                    ],
                    "texture": "#side"
                },
                "west": {
                    "uv": [
                        5,
                        1,
                        6,
                        2
                    ],
                    "texture": "#bottom",
                    "cullface": "east"
                },
                "up": {
                    "uv": [
                        6,
                        0,
                        3,
                        1
                    ],
                    "texture": "#side"
                }
            }
        },
        {
            "from": [
                3.0,
                13,
                7
            ],
            "to": [
                0.0,
                14,
                5
            ],
            "rotation": {
                "angle": 0,
                "axis": "y",
                "origin": [
                    0,
                    -2,
                    10
                ]
            },
            "faces": {
                "north": {
                    "uv": [
                        6,
                        0,
                        3,
                        1
                    ],
                    "texture": "#side"
                },
                "east": {
                    "uv": [
                        5,
                        2,
                        7,
                        3
                    ],
                    "texture": "#bottom_flipped",
                    "cullface": "west"
                },
                "west": {
                    "uv": [
                        9,
                        2,
                        11,
                        3
                    ],
                    "texture": "#bottom",
                    "cullface": "east"
                },
                "up": {
                    "uv": [
                        3,
                        0,
                        6,
                        2
                    ],
                    "texture": "#side"
                }
            }
        },
        {
            "from": [
                3.0,
                14,
                6
            ],
            "to": [
                0.0,
                15,
                5
            ],
            "rotation": {
                "angle": 0,
                "axis": "y",
                "origin": [
                    0,
                    -1,
                    11
                ]
            },
            "faces": {
                "north": {
                    "uv": [
                        6,
                        0,
                        3,
                        1
                    ],
                    "texture": "#side"
                },
                "east": {
                    "uv": [
                        5,
                        1,
                        6,
                        2
                    ],
                    "texture": "#bottom_flipped",
                    "cullface": "west"
                },
                "west": {
                    "uv": [
                        10,
                        1,
                        11,
                        2
                    ],
                    "texture": "#bottom",
                    "cullface": "east"
                },
                "up": {
                    "uv": [
                        3,
                        0,
                        6,
                        1
                    ],
                    "texture": "#side"
                }
            }
        }
    ]
}