{
	"credit": "Made with Blockbench",
	"parent": "block/template_orientable_trapdoor_bottom",
	"textures": {
		"texture": "biomesoplenty:block/mahogany_trapdoor",
		"side": "biomesoplenty:block/mahogany_trapdoor_side"
	},
	"elements": [
		{
			"from": [14, 0, 13],
			"to": [16, 16, 16],
			"faces": {
				"north": {"uv": [0, 0, 2, 16], "texture": "#texture"},
				"east": {"uv": [0, 0, 16, 3], "rotation": 90, "texture": "#side", "cullface": "east"},
				"south": {"uv": [0, 16, 2, 0], "rotation": 180, "texture": "#texture", "cullface": "south"},
				"west": {"uv": [2, 0, 1, 16], "texture": "#texture"},
				"up": {"uv": [14, 0, 16, 3], "texture": "#side", "cullface": "up"},
				"down": {"uv": [0, 0, 2, 3], "rotation": 180, "texture": "#side", "cullface": "down"}
			}
		},
		{
			"from": [0, 0, 13],
			"to": [2, 16, 16],
			"faces": {
				"north": {"uv": [14, 0, 16, 16], "texture": "#texture"},
				"east": {"uv": [14, 0, 15, 16], "rotation": 180, "texture": "#texture"},
				"south": {"uv": [14, 16, 16, 0], "rotation": 180, "texture": "#texture", "cullface": "south"},
				"west": {"uv": [0, 0, 16, 3], "rotation": 270, "texture": "#side", "cullface": "west"},
				"up": {"uv": [0, 0, 2, 3], "texture": "#side", "cullface": "up"},
				"down": {"uv": [14, 0, 16, 3], "rotation": 180, "texture": "#side", "cullface": "down"}
			}
		},
		{
			"from": [2, 13, 13],
			"to": [14, 16, 16],
			"faces": {
				"north": {"uv": [2, 0, 14, 3], "texture": "#texture"},
				"south": {"uv": [2, 3, 14, 0], "rotation": 180, "texture": "#texture", "cullface": "south"},
				"up": {"uv": [2, 0, 14, 3], "texture": "#side", "cullface": "up"},
				"down": {"uv": [2, 2, 14, 3], "rotation": 180, "texture": "#texture"}
			}
		},
		{
			"from": [2, 0, 13],
			"to": [14, 3, 16],
			"faces": {
				"north": {"uv": [2, 13, 14, 16], "texture": "#texture"},
				"south": {"uv": [2, 16, 14, 13], "rotation": 180, "texture": "#texture", "cullface": "south"},
				"up": {"uv": [2, 13, 14, 14], "texture": "#texture"},
				"down": {"uv": [2, 3, 14, 6], "rotation": 180, "texture": "#side", "cullface": "down"}
			}
		},
		{
			"from": [10, 3, 13],
			"to": [13, 13, 16],
			"faces": {
				"north": {"uv": [3, 3, 6, 13], "texture": "#texture"},
				"east": {"uv": [3, 3, 4, 13], "rotation": 180, "texture": "#texture"},
				"south": {"uv": [3, 13, 6, 3], "rotation": 180, "texture": "#texture", "cullface": "south"},
				"west": {"uv": [5, 3, 6, 13], "texture": "#texture"}
			}
		},
		{
			"from": [3, 3, 13],
			"to": [6, 13, 16],
			"faces": {
				"north": {"uv": [10, 3, 13, 13], "texture": "#texture"},
				"east": {"uv": [10, 3, 11, 13], "rotation": 180, "texture": "#texture"},
				"south": {"uv": [10, 13, 13, 3], "rotation": 180, "texture": "#texture", "cullface": "south"},
				"west": {"uv": [12, 3, 13, 13], "texture": "#texture"}
			}
		},
		{
			"from": [7, 3, 13],
			"to": [9, 13, 16],
			"faces": {
				"north": {"uv": [7, 3, 9, 13], "texture": "#texture"},
				"east": {"uv": [7, 3, 8, 13], "rotation": 180, "texture": "#texture"},
				"south": {"uv": [7, 13, 9, 3], "rotation": 180, "texture": "#texture", "cullface": "south"},
				"west": {"uv": [8, 3, 9, 13], "texture": "#texture"}
			}
		}
	]
}