{
    "credit": "Made with Blockbench by _GrandMagus_",
    "parent": "minecraft:block/spruce_door_top_left",
    "textures": {
        "particle": "biomesoplenty:block/maple_door_top",
        "top": "biomesoplenty:block/maple_door_top",
        "side": "biomesoplenty:block/maple_door_top_sides",
        "top_flipped": "biomesoplenty:block/maple_door_top_flipped"
    },
    "elements": [
        {
            "from": [
                3.0,
                0,
                16
            ],
            "to": [
                0.0,
                16,
                0
            ],
            "faces": {
                "north": {
                    "uv": [
                        3,
                        0,
                        0,
                        16
                    ],
                    "texture": "#side",
                    "cullface": "south"
                },
                "west": {
                    "uv": [
                        0,
                        0,
                        16,
                        16
                    ],
                    "texture": "#top"
                },
                "south": {
                    "uv": [
                        6,
                        0,
                        3,
                        16
                    ],
                    "texture": "#side",
                    "cullface": "north"
                },
                "east": {
                    "uv": [
                        0,
                        0,
                        16,
                        16
                    ],
                    "texture": "#top_flipped",
                    "cullface": "west"
                },
                "up": {
                    "uv": [
                        6,
                        0,
                        9,
                        16
                    ],
                    "texture": "#side",
                    "cullface": "up"
                }
            }
        }
    ]
}