{
    "credit": "Made with Blockbench by _GrandMagus_",
    "parent": "minecraft:block/spruce_door_bottom_left",
    "textures": {
        "particle": "biomesoplenty:block/maple_door_bottom",
        "bottom": "biomesoplenty:block/maple_door_bottom",
        "side": "biomesoplenty:block/maple_door_bottom_sides",
        "bottom_flipped": "biomesoplenty:block/maple_door_bottom_flipped"
    },
    "elements": [
        {
            "from": [
                0,
                0,
                0
            ],
            "to": [
                3,
                16,
                16
            ],
            "faces": {
                "north": {
                    "uv": [
                        3,
                        0,
                        0,
                        16
                    ],
                    "texture": "#side",
                    "cullface": "north"
                },
                "east": {
                    "uv": [
                        0,
                        0,
                        16,
                        16
                    ],
                    "texture": "#bottom_flipped"
                },
                "south": {
                    "uv": [
                        6,
                        0,
                        3,
                        16
                    ],
                    "texture": "#side",
                    "cullface": "south"
                },
                "west": {
                    "uv": [
                        0,
                        0,
                        16,
                        16
                    ],
                    "texture": "#bottom",
                    "cullface": "west"
                },
                "down": {
                    "uv": [
                        6,
                        0,
                        9,
                        16
                    ],
                    "texture": "#side",
                    "cullface": "down"
                }
            }
        }
    ]
}