{"credit": "Made with Blockbench by _GrandMagus_", "textures": {"particle": "biomesoplenty:block/palm_door_top", "top": "biomesoplenty:block/palm_door_top", "side": "biomesoplenty:block/palm_door_top_sides", "top_flipped": "biomesoplenty:block/palm_door_top_flipped"}, "elements": [{"from": [3.0, 0, 16], "to": [0.0, 13, 13], "faces": {"north": {"uv": [3, 3, 0, 16], "texture": "#side", "cullface": "south"}, "east": {"uv": [13, 3, 16, 16], "texture": "#top_flipped", "cullface": "west"}, "south": {"uv": [6, 3, 3, 16], "texture": "#side"}, "west": {"uv": [0, 3, 3, 16], "texture": "#top", "cullface": "east"}}}, {"from": [3.0, 0, 3], "to": [0.0, 13, 0], "faces": {"north": {"uv": [6, 3, 3, 16], "texture": "#side"}, "east": {"uv": [0, 3, 3, 16], "texture": "#top_flipped", "cullface": "west"}, "south": {"uv": [3, 3, 6, 16], "texture": "#side", "cullface": "north"}, "west": {"uv": [13, 3, 16, 16], "texture": "#top", "cullface": "east"}}}, {"from": [3.0, 13, 16], "to": [0.0, 16, 0], "faces": {"north": {"uv": [3, 0, 0, 3], "texture": "#side", "cullface": "south"}, "east": {"uv": [0, 0, 16, 3], "texture": "#top_flipped", "cullface": "west"}, "south": {"uv": [3, 0, 6, 3], "texture": "#side", "cullface": "north"}, "west": {"uv": [0, 0, 16, 3], "texture": "#top", "cullface": "east"}, "up": {"uv": [6, 0, 9, 16], "texture": "#side", "cullface": "up"}, "down": {"uv": [16, 2, 0, 3], "rotation": 90, "texture": "#top"}}}, {"from": [1.5, 0, 13], "to": [1.5, 13, 3], "faces": {"east": {"uv": [3, 3, 13, 16], "texture": "#top_flipped", "cullface": "west"}, "west": {"uv": [3, 3, 13, 16], "texture": "#top", "cullface": "east"}}}]}