{
	"credit": "Made with Blockbench",
	"parent": "block/template_orientable_trapdoor_bottom",
	"textures": {
		"texture": "biomesoplenty:block/palm_trapdoor",
		"side": "biomesoplenty:block/palm_trapdoor_side"
	},
	"elements": [
		{
			"from": [13, 0, 0],
			"to": [16, 3, 16],
			"faces": {
				"north": {"uv": [0, 0, 3, 3], "texture": "#side", "cullface": "north"},
				"east": {"uv": [0, 0, 16, 3], "texture": "#side", "cullface": "east"},
				"south": {"uv": [13, 0, 16, 3], "texture": "#side", "cullface": "south"},
				"west": {"uv": [2, 0, 3, 16], "rotation": 90, "texture": "#texture"},
				"up": {"uv": [0, 0, 3, 16], "rotation": 180, "texture": "#texture"},
				"down": {"uv": [0, 16, 3, 0], "rotation": 180, "texture": "#texture", "cullface": "down"}
			}
		},
		{
			"from": [0, 0, 0],
			"to": [3, 3, 16],
			"faces": {
				"north": {"uv": [13, 0, 16, 3], "texture": "#side", "cullface": "north"},
				"east": {"uv": [13, 0, 14, 16], "rotation": 270, "texture": "#texture"},
				"south": {"uv": [0, 0, 3, 3], "texture": "#side", "cullface": "south"},
				"west": {"uv": [0, 0, 16, 3], "texture": "#side", "cullface": "west"},
				"up": {"uv": [13, 0, 16, 16], "rotation": 180, "texture": "#texture"},
				"down": {"uv": [13, 16, 16, 0], "rotation": 180, "texture": "#texture", "cullface": "down"}
			}
		},
		{
			"from": [6, 0, 3],
			"to": [10, 3, 13],
			"faces": {
				"east": {"uv": [6, 3, 7, 13], "rotation": 270, "texture": "#texture"},
				"west": {"uv": [9, 3, 10, 13], "rotation": 90, "texture": "#texture"},
				"up": {"uv": [6, 3, 10, 13], "rotation": 180, "texture": "#texture"},
				"down": {"uv": [6, 13, 10, 3], "rotation": 180, "texture": "#texture", "cullface": "down"}
			}
		},
		{
			"from": [3, 0, 6],
			"to": [13, 3, 10],
			"faces": {
				"north": {"uv": [3, 9, 13, 10], "texture": "#texture"},
				"south": {"uv": [3, 6, 13, 7], "texture": "#texture"},
				"up": {"uv": [3, 6, 13, 10], "rotation": 180, "texture": "#texture"},
				"down": {"uv": [3, 10, 13, 6], "rotation": 180, "texture": "#texture", "cullface": "down"}
			}
		},
		{
			"from": [3, 0, 0],
			"to": [13, 3, 3],
			"faces": {
				"north": {"uv": [3, 0, 13, 3], "texture": "#side", "cullface": "north"},
				"south": {"uv": [13, 13, 3, 14], "texture": "#texture"},
				"up": {"uv": [3, 13, 13, 16], "rotation": 180, "texture": "#texture"},
				"down": {"uv": [3, 16, 13, 13], "rotation": 180, "texture": "#texture", "cullface": "down"}
			}
		},
		{
			"from": [3, 0, 13],
			"to": [13, 3, 16],
			"faces": {
				"north": {"uv": [3, 2, 13, 3], "texture": "#texture"},
				"south": {"uv": [3, 0, 13, 3], "texture": "#side", "cullface": "south"},
				"up": {"uv": [3, 0, 13, 3], "rotation": 180, "texture": "#texture"},
				"down": {"uv": [3, 3, 13, 0], "rotation": 180, "texture": "#texture", "cullface": "down"}
			}
		}
	]
}