{
	"credit": "Made with Blockbench by _GrandMagus_",
	"textures": {
		"particle": "biomesoplenty:block/palm_door_top",
		"top": "biomesoplenty:block/palm_door_top",
		"side": "biomesoplenty:block/palm_door_top_sides",
		"top_flipped": "biomesoplenty:block/palm_door_top_flipped"
	},
	"elements": [
		{
			"from": [0, 0, 0],
			"to": [3, 13, 3],
			"faces": {
				"north": {"uv": [3, 3, 0, 16], "texture": "#side", "cullface": "north"},
				"east": {"uv": [13, 3, 16, 16], "texture": "#top_flipped"},
				"south": {"uv": [6, 3, 3, 16], "texture": "#side"},
				"west": {"uv": [0, 3, 3, 16], "texture": "#top", "cullface": "west"}
			}
		},
		{
			"from": [0, 0, 13],
			"to": [3, 13, 16],
			"faces": {
				"north": {"uv": [6, 3, 3, 16], "texture": "#side"},
				"east": {"uv": [0, 3, 3, 16], "texture": "#top_flipped"},
				"south": {"uv": [3, 3, 6, 16], "texture": "#side", "cullface": "south"},
				"west": {"uv": [13, 3, 16, 16], "texture": "#top", "cullface": "west"}
			}
		},
		{
			"from": [0, 13, 0],
			"to": [3, 16, 16],
			"faces": {
				"north": {"uv": [3, 0, 0, 3], "texture": "#side", "cullface": "north"},
				"east": {"uv": [0, 0, 16, 3], "texture": "#top_flipped"},
				"south": {"uv": [3, 0, 6, 3], "texture": "#side", "cullface": "south"},
				"west": {"uv": [0, 0, 16, 3], "texture": "#top", "cullface": "west"},
				"up": {"uv": [6, 0, 9, 16], "texture": "#side", "cullface": "up"},
				"down": {"uv": [16, 2, 0, 3], "rotation": 90, "texture": "#top"}
			}
		},
		{
			"from": [1.5, 0, 3],
			"to": [1.5, 13, 13],
			"faces": {
				"east": {"uv": [3, 3, 13, 16], "texture": "#top_flipped"},
				"west": {"uv": [3, 3, 13, 16], "texture": "#top", "cullface": "west"}
			}
		}
	]
}