{
	"credit": "Made with Blockbench by _GrandMagus_",
	"textures": {
		"side": "biomesoplenty:block/palm_door_bottom_sides",
		"bottom": "biomesoplenty:block/palm_door_bottom",
		"particle": "biomesoplenty:block/palm_door_bottom_flipped",
		"bottom_flipped": "biomesoplenty:block/palm_door_bottom_flipped"
	},
	"elements": [
		{
			"from": [0, 0, 0],
			"to": [3, 3, 16],
			"faces": {
				"north": {"uv": [3, 13, 0, 16], "texture": "#side", "cullface": "north"},
				"east": {"uv": [0, 13, 16, 16], "texture": "#bottom_flipped"},
				"south": {"uv": [6, 13, 3, 16], "texture": "#side", "cullface": "south"},
				"west": {"uv": [0, 13, 16, 16], "texture": "#bottom", "cullface": "west"},
				"up": {"uv": [0, 13, 16, 14], "rotation": 90, "texture": "#bottom"},
				"down": {"uv": [6, 0, 9, 16], "texture": "#side", "cullface": "down"}
			}
		},
		{
			"from": [0, 3, 0],
			"to": [3, 16, 3],
			"faces": {
				"north": {"uv": [3, 0, 0, 13], "texture": "#side", "cullface": "north"},
				"east": {"uv": [13, 0, 16, 13], "texture": "#bottom_flipped"},
				"south": {"uv": [6, 0, 3, 13], "texture": "#side"},
				"west": {"uv": [0, 0, 3, 13], "texture": "#bottom", "cullface": "west"}
			}
		},
		{
			"from": [0, 3, 13],
			"to": [3, 16, 16],
			"faces": {
				"north": {"uv": [6, 0, 3, 13], "texture": "#side"},
				"east": {"uv": [0, 0, 3, 13], "texture": "#bottom_flipped"},
				"south": {"uv": [6, 0, 3, 13], "texture": "#side", "cullface": "south"},
				"west": {"uv": [13, 0, 16, 13], "texture": "#bottom", "cullface": "west"}
			}
		},
		{
			"from": [1.5, 3, 3],
			"to": [1.5, 16, 13],
			"faces": {
				"east": {"uv": [3, 0, 13, 13], "texture": "#bottom"},
				"west": {"uv": [3, 0, 13, 13], "texture": "#bottom", "cullface": "west"}
			}
		}
	]
}