{
	"credit": "Made with Blockbench",
	"parent": "block/template_orientable_trapdoor_bottom",
	"textures": {
		"texture": "biomesoplenty:block/umbran_trapdoor",
		"side": "biomesoplenty:block/umbran_trapdoor_side"
	},
	"elements": [
		{
			"from": [13, 0, 13],
			"to": [16, 16, 16],
			"rotation": {"angle": 0, "axis": "x", "origin": [8, 1.5, 8]},
			"faces": {
				"north": {"uv": [13, 0, 16, 16], "rotation": 180, "texture": "#texture"},
				"east": {"uv": [0, 0, 16, 3], "rotation": 90, "texture": "#side", "cullface": "east"},
				"south": {"uv": [13, 16, 16, 0], "texture": "#texture", "cullface": "south"},
				"west": {"uv": [0, 0, 1, 16], "texture": "#texture"},
				"up": {"uv": [13, 0, 16, 3], "texture": "#side", "cullface": "up"},
				"down": {"uv": [0, 0, 3, 3], "rotation": 180, "texture": "#side", "cullface": "down"}
			}
		},
		{
			"from": [0, 0, 13],
			"to": [3, 16, 16],
			"rotation": {"angle": 0, "axis": "x", "origin": [8, 1.5, 8]},
			"faces": {
				"north": {"uv": [0, 0, 3, 16], "rotation": 180, "texture": "#texture"},
				"east": {"uv": [14, 0, 15, 16], "texture": "#texture"},
				"south": {"uv": [0, 16, 3, 0], "texture": "#texture", "cullface": "south"},
				"west": {"uv": [0, 0, 16, 3], "rotation": 270, "texture": "#side", "cullface": "west"},
				"up": {"uv": [0, 0, 3, 3], "texture": "#side", "cullface": "up"},
				"down": {"uv": [13, 0, 16, 3], "rotation": 180, "texture": "#side", "cullface": "down"}
			}
		},
		{
			"from": [3, 13, 13],
			"to": [13, 16, 16],
			"rotation": {"angle": 0, "axis": "x", "origin": [8, 1.5, 8]},
			"faces": {
				"north": {"uv": [3, 13, 13, 16], "rotation": 180, "texture": "#texture"},
				"south": {"uv": [3, 16, 13, 13], "texture": "#texture", "cullface": "south"},
				"up": {"uv": [3, 0, 13, 3], "texture": "#side", "cullface": "up"},
				"down": {"uv": [2, 2, 14, 3], "rotation": 180, "texture": "#texture"}
			}
		},
		{
			"from": [3, 0, 13],
			"to": [13, 3, 16],
			"rotation": {"angle": 0, "axis": "x", "origin": [8, 1.5, 8]},
			"faces": {
				"north": {"uv": [3, 0, 13, 3], "rotation": 180, "texture": "#texture"},
				"south": {"uv": [3, 3, 13, 0], "texture": "#texture", "cullface": "south"},
				"up": {"uv": [2, 13, 14, 14], "rotation": 180, "texture": "#texture"},
				"down": {"uv": [3, 0, 13, 3], "rotation": 180, "texture": "#side", "cullface": "down"}
			}
		},
		{
			"from": [3, 4, 13],
			"to": [13, 12, 16],
			"rotation": {"angle": 0, "axis": "x", "origin": [8, 1.5, 8]},
			"faces": {
				"north": {"uv": [3, 4, 13, 12], "rotation": 180, "texture": "#texture"},
				"south": {"uv": [3, 12, 13, 4], "texture": "#texture", "cullface": "south"},
				"up": {"uv": [3, 11, 13, 12], "texture": "#texture"},
				"down": {"uv": [3, 4, 13, 5], "texture": "#texture"}
			}
		},
		{
			"from": [4, 3, 13],
			"to": [5, 13, 16],
			"rotation": {"angle": 0, "axis": "x", "origin": [8, 1.5, 8]},
			"faces": {
				"north": {"uv": [4, 3, 5, 13], "rotation": 180, "texture": "#texture"},
				"east": {"uv": [4, 3, 5, 13], "rotation": 180, "texture": "#texture"},
				"south": {"uv": [4, 13, 5, 3], "texture": "#texture", "cullface": "south"},
				"west": {"uv": [4, 3, 5, 13], "texture": "#texture"}
			}
		},
		{
			"from": [6, 3, 13],
			"to": [7, 13, 16],
			"rotation": {"angle": 0, "axis": "x", "origin": [8, 1.5, 8]},
			"faces": {
				"north": {"uv": [6, 3, 7, 13], "rotation": 180, "texture": "#texture"},
				"east": {"uv": [4, 3, 5, 13], "rotation": 180, "texture": "#texture"},
				"south": {"uv": [6, 13, 7, 3], "texture": "#texture", "cullface": "south"},
				"west": {"uv": [4, 3, 5, 13], "texture": "#texture"}
			}
		},
		{
			"from": [9, 3, 13],
			"to": [10, 13, 16],
			"rotation": {"angle": 0, "axis": "x", "origin": [8, 1.5, 8]},
			"faces": {
				"north": {"uv": [9, 3, 10, 13], "rotation": 180, "texture": "#texture"},
				"east": {"uv": [4, 3, 5, 13], "rotation": 180, "texture": "#texture"},
				"south": {"uv": [9, 13, 10, 3], "texture": "#texture", "cullface": "south"},
				"west": {"uv": [4, 3, 5, 13], "texture": "#texture"}
			}
		},
		{
			"from": [11, 3, 13],
			"to": [12, 13, 16],
			"rotation": {"angle": 0, "axis": "x", "origin": [8, 1.5, 8]},
			"faces": {
				"north": {"uv": [11, 3, 12, 13], "rotation": 180, "texture": "#texture"},
				"east": {"uv": [4, 3, 5, 13], "rotation": 180, "texture": "#texture"},
				"south": {"uv": [11, 13, 12, 3], "texture": "#texture", "cullface": "south"},
				"west": {"uv": [4, 3, 5, 13], "texture": "#texture"}
			}
		}
	]
}