{
	"credit": "Made with Blockbench",
	"parent": "block/template_orientable_trapdoor_bottom",
	"textures": {
		"1": "biomesoplenty:block/willow_trapdoor_side",
		"particle": "biomesoplenty:block/willow_trapdoor",
		"texture": "biomesoplenty:block/willow_trapdoor"
	},
	"elements": [
		{
			"from": [13, 0, 13],
			"to": [16, 16, 16],
			"rotation": {"angle": 0, "axis": "x", "origin": [8, 15, 8]},
			"faces": {
				"north": {"uv": [13, 0, 16, 16], "rotation": 180, "texture": "#texture"},
				"east": {"uv": [0, 0, 16, 3], "rotation": 90, "texture": "#1", "cullface": "east"},
				"south": {"uv": [0, 16, 3, 0], "rotation": 180, "texture": "#texture", "cullface": "south"},
				"west": {"uv": [13, 0, 14, 16], "rotation": 180, "texture": "#texture"},
				"up": {"uv": [13, 0, 16, 3], "texture": "#1", "cullface": "up"},
				"down": {"uv": [0, 0, 3, 3], "rotation": 180, "texture": "#1", "cullface": "down"}
			}
		},
		{
			"from": [0, 0, 13],
			"to": [3, 16, 16],
			"rotation": {"angle": 0, "axis": "x", "origin": [8, 15, 8]},
			"faces": {
				"north": {"uv": [0, 0, 3, 16], "rotation": 180, "texture": "#texture"},
				"east": {"uv": [2, 0, 3, 16], "rotation": 180, "texture": "#texture"},
				"south": {"uv": [13, 16, 16, 0], "rotation": 180, "texture": "#texture", "cullface": "south"},
				"west": {"uv": [0, 0, 16, 3], "rotation": 270, "texture": "#1", "cullface": "west"},
				"up": {"uv": [0, 0, 3, 3], "texture": "#1", "cullface": "up"},
				"down": {"uv": [13, 0, 16, 3], "rotation": 180, "texture": "#1", "cullface": "down"}
			}
		},
		{
			"from": [11, 11, 14],
			"to": [13, 13, 15],
			"rotation": {"angle": 0, "axis": "x", "origin": [8, 15, 8]},
			"faces": {
				"north": {"uv": [11, 11, 13, 13], "rotation": 180, "texture": "#texture"},
				"south": {"uv": [11, 13, 13, 11], "rotation": 180, "texture": "#texture", "cullface": "south"},
				"west": {"uv": [11, 11, 12, 13], "texture": "#texture"}
			}
		},
		{
			"from": [3, 6, 14],
			"to": [5, 7, 15],
			"rotation": {"angle": 0, "axis": "x", "origin": [8, 15, 8]},
			"faces": {
				"north": {"uv": [3, 6, 5, 7], "rotation": 180, "texture": "#texture"},
				"east": {"uv": [4, 6, 5, 7], "rotation": 180, "texture": "#texture"},
				"south": {"uv": [3, 7, 5, 6], "rotation": 180, "texture": "#texture", "cullface": "south"},
				"up": {"uv": [3, 6, 5, 7], "texture": "#texture"}
			}
		},
		{
			"from": [4, 3, 14],
			"to": [6, 5, 15],
			"rotation": {"angle": 0, "axis": "x", "origin": [8, 15, 8]},
			"faces": {
				"north": {"uv": [4, 3, 6, 5], "rotation": 180, "texture": "#texture"},
				"east": {"uv": [5, 3, 6, 5], "rotation": 180, "texture": "#texture"},
				"south": {"uv": [4, 5, 6, 3], "rotation": 180, "texture": "#texture", "cullface": "south"},
				"west": {"uv": [4, 3, 5, 5], "texture": "#texture"}
			}
		},
		{
			"from": [6, 4, 14],
			"to": [7, 5, 15],
			"rotation": {"angle": 0, "axis": "x", "origin": [8, 15, 8]},
			"faces": {
				"north": {"uv": [6, 4, 7, 5], "rotation": 180, "texture": "#texture"},
				"east": {"uv": [6, 4, 7, 5], "rotation": 180, "texture": "#texture"},
				"south": {"uv": [6, 5, 7, 4], "rotation": 180, "texture": "#texture", "cullface": "south"},
				"down": {"uv": [6, 4, 7, 5], "rotation": 180, "texture": "#texture"}
			}
		},
		{
			"from": [8, 6, 14],
			"to": [9, 7, 15],
			"rotation": {"angle": 0, "axis": "x", "origin": [8, 15, 8]},
			"faces": {
				"north": {"uv": [8, 6, 9, 7], "rotation": 180, "texture": "#texture"},
				"south": {"uv": [8, 7, 9, 6], "rotation": 180, "texture": "#texture", "cullface": "south"},
				"west": {"uv": [8, 6, 9, 7], "texture": "#texture"},
				"up": {"uv": [8, 6, 9, 7], "texture": "#texture"}
			}
		},
		{
			"from": [3, 7, 13],
			"to": [4, 8, 16],
			"rotation": {"angle": 0, "axis": "x", "origin": [8, 15, 8]},
			"faces": {
				"north": {"uv": [3, 7, 4, 8], "rotation": 180, "texture": "#texture"},
				"east": {"uv": [3, 7, 4, 8], "rotation": 180, "texture": "#texture"},
				"south": {"uv": [3, 8, 4, 7], "rotation": 180, "texture": "#texture", "cullface": "south"},
				"up": {"uv": [3, 7, 4, 8], "texture": "#texture"},
				"down": {"uv": [3, 7, 4, 8], "rotation": 180, "texture": "#texture"}
			}
		},
		{
			"from": [9, 11, 14],
			"to": [10, 13, 15],
			"rotation": {"angle": 0, "axis": "x", "origin": [8, 15, 8]},
			"faces": {
				"north": {"uv": [9, 11, 10, 13], "rotation": 180, "texture": "#texture"},
				"east": {"uv": [9, 11, 10, 13], "rotation": 180, "texture": "#texture"},
				"south": {"uv": [9, 13, 10, 11], "rotation": 180, "texture": "#texture", "cullface": "south"},
				"west": {"uv": [9, 11, 10, 13], "texture": "#texture"}
			}
		},
		{
			"from": [4, 11, 14],
			"to": [6, 13, 15],
			"rotation": {"angle": 0, "axis": "x", "origin": [8, 15, 8]},
			"faces": {
				"north": {"uv": [4, 11, 6, 13], "rotation": 180, "texture": "#texture"},
				"east": {"uv": [5, 11, 6, 13], "rotation": 180, "texture": "#texture"},
				"south": {"uv": [4, 13, 6, 11], "rotation": 180, "texture": "#texture", "cullface": "south"},
				"west": {"uv": [4, 11, 5, 13], "texture": "#texture"}
			}
		},
		{
			"from": [3, 11, 14],
			"to": [4, 12, 15],
			"rotation": {"angle": 0, "axis": "x", "origin": [8, 15, 8]},
			"faces": {
				"north": {"uv": [3, 11, 4, 12], "rotation": 180, "texture": "#texture"},
				"south": {"uv": [3, 12, 4, 11], "rotation": 180, "texture": "#texture", "cullface": "south"},
				"up": {"uv": [3, 11, 4, 12], "texture": "#texture"}
			}
		},
		{
			"from": [4, 9, 14],
			"to": [6, 10, 15],
			"rotation": {"angle": 0, "axis": "x", "origin": [8, 15, 8]},
			"faces": {
				"north": {"uv": [4, 9, 6, 10], "rotation": 180, "texture": "#texture"},
				"south": {"uv": [4, 10, 6, 9], "rotation": 180, "texture": "#texture", "cullface": "south"},
				"west": {"uv": [4, 9, 5, 10], "texture": "#texture"},
				"down": {"uv": [4, 9, 6, 10], "rotation": 180, "texture": "#texture"}
			}
		},
		{
			"from": [5, 8, 14],
			"to": [8, 9, 15],
			"rotation": {"angle": 0, "axis": "x", "origin": [8, 15, 8]},
			"faces": {
				"north": {"uv": [5, 8, 8, 9], "rotation": 180, "texture": "#texture"},
				"east": {"uv": [7, 8, 8, 9], "rotation": 180, "texture": "#texture"},
				"south": {"uv": [5, 9, 8, 8], "rotation": 180, "texture": "#texture", "cullface": "south"},
				"west": {"uv": [5, 8, 6, 9], "texture": "#texture"},
				"up": {"uv": [5, 8, 8, 9], "texture": "#texture"},
				"down": {"uv": [5, 8, 8, 9], "rotation": 180, "texture": "#texture"}
			}
		},
		{
			"from": [10, 5, 14],
			"to": [11, 10, 15],
			"rotation": {"angle": 0, "axis": "x", "origin": [8, 15, 8]},
			"faces": {
				"north": {"uv": [10, 5, 11, 10], "rotation": 180, "texture": "#texture"},
				"east": {"uv": [10, 5, 11, 10], "rotation": 180, "texture": "#texture"},
				"south": {"uv": [10, 10, 11, 5], "rotation": 180, "texture": "#texture", "cullface": "south"},
				"west": {"uv": [10, 5, 11, 10], "texture": "#texture"},
				"down": {"uv": [10, 5, 11, 6], "rotation": 180, "texture": "#texture"}
			}
		},
		{
			"from": [6, 6, 13],
			"to": [7, 10, 16],
			"rotation": {"angle": 0, "axis": "x", "origin": [8, 15, 8]},
			"faces": {
				"north": {"uv": [6, 6, 7, 10], "rotation": 180, "texture": "#texture"},
				"east": {"uv": [6, 6, 7, 10], "rotation": 180, "texture": "#texture"},
				"south": {"uv": [6, 10, 7, 6], "rotation": 180, "texture": "#texture", "cullface": "south"},
				"west": {"uv": [6, 6, 7, 10], "texture": "#texture"}
			}
		},
		{
			"from": [9, 4, 14],
			"to": [10, 7, 15],
			"rotation": {"angle": 0, "axis": "x", "origin": [8, 15, 8]},
			"faces": {
				"north": {"uv": [9, 4, 10, 7], "rotation": 180, "texture": "#texture"},
				"east": {"uv": [9, 4, 10, 7], "rotation": 180, "texture": "#texture"},
				"south": {"uv": [9, 7, 10, 4], "rotation": 180, "texture": "#texture", "cullface": "south"},
				"west": {"uv": [9, 4, 10, 7], "texture": "#texture"},
				"up": {"uv": [9, 6, 10, 7], "texture": "#texture"}
			}
		},
		{
			"from": [10, 11, 14],
			"to": [11, 12, 15],
			"rotation": {"angle": 0, "axis": "x", "origin": [8, 15, 8]},
			"faces": {
				"north": {"uv": [10, 11, 11, 12], "rotation": 180, "texture": "#texture"},
				"south": {"uv": [10, 12, 11, 11], "rotation": 180, "texture": "#texture", "cullface": "south"},
				"up": {"uv": [10, 11, 11, 12], "texture": "#texture"}
			}
		},
		{
			"from": [11, 8, 14],
			"to": [12, 9, 15],
			"rotation": {"angle": 0, "axis": "x", "origin": [8, 15, 8]},
			"faces": {
				"north": {"uv": [11, 8, 12, 9], "rotation": 180, "texture": "#texture"},
				"south": {"uv": [11, 9, 12, 8], "rotation": 180, "texture": "#texture", "cullface": "south"},
				"up": {"uv": [11, 8, 12, 9], "texture": "#texture"},
				"down": {"uv": [11, 8, 12, 9], "rotation": 180, "texture": "#texture"}
			}
		},
		{
			"from": [3, 10, 13],
			"to": [13, 11, 16],
			"rotation": {"angle": 0, "axis": "x", "origin": [8, 15, 8]},
			"faces": {
				"north": {"uv": [3, 10, 13, 11], "rotation": 180, "texture": "#texture"},
				"south": {"uv": [3, 11, 13, 10], "rotation": 180, "texture": "#texture", "cullface": "south"},
				"up": {"uv": [3, 10, 13, 11], "texture": "#texture"},
				"down": {"uv": [3, 10, 13, 11], "texture": "#texture"}
			}
		},
		{
			"from": [3, 5, 13],
			"to": [13, 6, 16],
			"rotation": {"angle": 0, "axis": "x", "origin": [8, 15, 8]},
			"faces": {
				"north": {"uv": [3, 5, 13, 6], "rotation": 180, "texture": "#texture"},
				"south": {"uv": [3, 6, 13, 5], "rotation": 180, "texture": "#texture", "cullface": "south"},
				"up": {"uv": [3, 5, 13, 6], "texture": "#texture"},
				"down": {"uv": [3, 5, 13, 6], "texture": "#texture"}
			}
		},
		{
			"from": [12, 6, 13],
			"to": [13, 10, 16],
			"rotation": {"angle": 0, "axis": "x", "origin": [8, 15, 8]},
			"faces": {
				"north": {"uv": [12, 6, 13, 10], "rotation": 180, "texture": "#texture"},
				"south": {"uv": [12, 10, 13, 6], "rotation": 180, "texture": "#texture", "cullface": "south"},
				"west": {"uv": [12, 6, 13, 10], "texture": "#texture"}
			}
		},
		{
			"from": [11, 4, 13],
			"to": [12, 5, 16],
			"rotation": {"angle": 0, "axis": "x", "origin": [8, 15, 8]},
			"faces": {
				"north": {"uv": [11, 4, 12, 5], "rotation": 180, "texture": "#texture"},
				"east": {"uv": [11, 4, 12, 5], "rotation": 180, "texture": "#texture"},
				"south": {"uv": [11, 5, 12, 4], "rotation": 180, "texture": "#texture", "cullface": "south"},
				"west": {"uv": [11, 4, 12, 5], "texture": "#texture"},
				"down": {"uv": [11, 4, 12, 5], "rotation": 180, "texture": "#texture"}
			}
		},
		{
			"from": [7, 3, 13],
			"to": [11, 4, 16],
			"rotation": {"angle": 0, "axis": "x", "origin": [8, 15, 8]},
			"faces": {
				"north": {"uv": [7, 3, 11, 4], "rotation": 180, "texture": "#texture"},
				"east": {"uv": [10, 3, 11, 4], "rotation": 180, "texture": "#texture"},
				"south": {"uv": [7, 4, 11, 3], "rotation": 180, "texture": "#texture", "cullface": "south"},
				"west": {"uv": [7, 3, 8, 4], "texture": "#texture"},
				"up": {"uv": [7, 3, 11, 4], "texture": "#texture"}
			}
		},
		{
			"from": [3, 13, 13],
			"to": [13, 16, 16],
			"rotation": {"angle": 0, "axis": "x", "origin": [8, 15, 8]},
			"faces": {
				"north": {"uv": [3, 13, 13, 16], "rotation": 180, "texture": "#texture"},
				"south": {"uv": [3, 3, 13, 0], "rotation": 180, "texture": "#texture", "cullface": "south"},
				"up": {"uv": [3, 0, 13, 3], "texture": "#1", "cullface": "up"},
				"down": {"uv": [3, 13, 13, 14], "texture": "#texture"}
			}
		},
		{
			"from": [3, 0, 13],
			"to": [13, 3, 16],
			"rotation": {"angle": 0, "axis": "x", "origin": [8, 15, 8]},
			"faces": {
				"north": {"uv": [3, 0, 13, 3], "rotation": 180, "texture": "#texture"},
				"south": {"uv": [3, 16, 13, 13], "rotation": 180, "texture": "#texture", "cullface": "south"},
				"up": {"uv": [3, 2, 13, 3], "texture": "#texture"},
				"down": {"uv": [3, 0, 13, 3], "rotation": 180, "texture": "#1", "cullface": "down"}
			}
		}
	]
}