{
  "variants": {
    "eye=false,facing=east": {
      "model": "minecraft:block/end_portal_frame",
      "y": 270
    },
    "eye=false,facing=north": {
      "model": "minecraft:block/end_portal_frame",
      "y": 180
    },
    "eye=false,facing=south": {
      "model": "minecraft:block/end_portal_frame"
    },
    "eye=false,facing=west": {
      "model": "minecraft:block/end_portal_frame",
      "y": 90
    },
    "eye=true,facing=east": [
      {"model": "minecraft:block/end_portal_frame_filled", "y": 270},
      {"model": "minecraft:block/end_portal_frame_filled_1", "y": 270},
      {"model": "minecraft:block/end_portal_frame_filled_2", "y": 270}      
    ],
    "eye=true,facing=north": [
      {"model": "minecraft:block/end_portal_frame_filled", "y": 180},
      {"model": "minecraft:block/end_portal_frame_filled_1", "y": 180},
      {"model": "minecraft:block/end_portal_frame_filled_2", "y": 180}      
    ],
    "eye=true,facing=south": [
      {"model": "minecraft:block/end_portal_frame_filled"},
      {"model": "minecraft:block/end_portal_frame_filled_1"},
      {"model": "minecraft:block/end_portal_frame_filled_2"}      
    ],
    "eye=true,facing=west": [
      {"model": "minecraft:block/end_portal_frame_filled", "y": 90},
      {"model": "minecraft:block/end_portal_frame_filled_1", "y": 90},
      {"model": "minecraft:block/end_portal_frame_filled_2", "y": 90}      
    ]
  }
}