{
    "variants": {
        "": [
            { "model": "block/stone", "weight": 80 },
            { "model": "block/stone", "y": 180, "weight": 80 },

            { "model": "block/stone1", "weight": 1 },
            { "model": "block/stone1", "y": 180, "weight": 1 },

            { "model": "block/stone2", "weight": 1 },
            { "model": "block/stone2", "y": 180, "weight": 1 },

            { "model": "block/stone3", "weight": 1 },
            { "model": "block/stone3", "y": 180, "weight": 1 },
            
            { "model": "block/stone4", "weight": 1 },
            { "model": "block/stone4", "y": 180, "weight": 1 },

            { "model": "block/stone5", "weight": 1 },
            { "model": "block/stone5", "y": 180, "weight": 1 },

            { "model": "block/stone6", "weight": 1 },
            { "model": "block/stone6", "y": 180, "weight": 1 },

            { "model": "block/stone7", "weight": 1 },
            { "model": "block/stone7", "y": 180, "weight": 1 }
        ]
    }
}
